epoch,kl_g0_weight,kl_u_weight,train_loss_total,train_loss_recon,train_loss_kl_g0,train_loss_kl_u,train_loss_cls,val_loss_total,val_loss_recon,val_loss_kl_g0,val_loss_kl_u,val_loss_cls,lr
1,1.000,1.000,1879.272878,2348.699951,0.005254,0.210339,0.702025,212.817924,265.621336,0.004989,0.225217,0.683436,1.00e-04
2,1.000,1.000,735.223801,918.611242,0.004819,0.240343,0.693299,174.932037,218.233187,0.004998,0.256142,0.682862,1.00e-04
3,1.000,1.000,335.613792,419.067287,0.005095,0.271418,0.693751,138.554685,172.722767,0.005319,0.294283,0.683935,1.00e-04
4,1.000,1.000,248.523296,310.155417,0.005279,0.318833,0.698324,122.554847,152.667660,0.005347,0.349516,0.684137,1.00e-04
5,1.000,1.000,201.360945,251.140364,0.005279,0.380613,0.699688,111.362025,138.602240,0.005290,0.424484,0.682061,1.00e-04
6,1.000,1.000,184.297658,229.729163,0.005229,0.464325,0.693422,98.950966,122.997531,0.005263,0.515066,0.683384,1.00e-04
7,1.000,1.000,163.080045,203.112984,0.005236,0.558533,0.693189,90.142319,111.884720,0.005293,0.617036,0.683390,1.00e-04
8,1.000,1.000,143.341388,178.336989,0.005254,0.662075,0.689652,81.844567,101.406921,0.005281,0.722807,0.682794,1.00e-04
9,1.000,1.000,131.083951,162.905532,0.005258,0.771040,0.692430,75.919083,93.891766,0.005313,0.831062,0.682839,1.00e-04
10,1.000,1.000,125.127774,155.356706,0.005300,0.874763,0.691787,70.864275,87.465806,0.005330,0.938451,0.683017,1.00e-04
11,1.000,1.000,111.170207,137.805556,0.005288,0.979084,0.691312,66.298353,81.657658,0.005325,1.039215,0.682970,1.00e-04
12,1.000,1.000,106.495235,131.865423,0.005312,1.075218,0.692354,62.554278,76.889492,0.005366,1.127204,0.683142,1.00e-04
13,1.000,1.000,97.752617,120.851227,0.005345,1.161086,0.692445,59.050787,72.426680,0.005398,1.210563,0.683365,1.00e-04
14,1.000,1.000,97.363627,120.290220,0.005375,1.235355,0.694324,55.931046,68.459172,0.005414,1.278422,0.683202,1.00e-04
15,1.000,1.000,92.674219,114.363422,0.005391,1.300941,0.692074,53.738075,65.657160,0.005422,1.339178,0.683325,1.00e-04
16,1.000,1.000,86.059914,106.043708,0.005421,1.352587,0.692696,52.042393,63.489541,0.005479,1.387165,0.683212,1.00e-04
17,1.000,1.000,80.016583,98.439914,0.005458,1.402717,0.690550,50.304306,61.272587,0.005495,1.431489,0.683236,1.00e-04
18,1.000,1.000,79.877217,98.217689,0.005471,1.450705,0.690615,48.740240,59.269052,0.005520,1.479864,0.683454,1.00e-04
19,1.000,1.000,75.281957,92.436414,0.005508,1.487827,0.690781,47.238629,57.356770,0.005543,1.515184,0.683152,1.00e-04
20,1.000,1.000,72.431787,88.838360,0.005533,1.523363,0.689903,45.720334,55.427391,0.005573,1.546647,0.683216,1.00e-04
21,1.000,1.000,70.107509,85.904681,0.005554,1.551978,0.688692,44.975151,54.470116,0.005599,1.572339,0.683535,1.00e-04
22,1.000,1.000,66.690914,81.607054,0.005588,1.578195,0.691217,43.460265,52.555058,0.005639,1.593838,0.683183,1.00e-04
23,1.000,1.000,65.913782,80.619622,0.005622,1.593741,0.692960,42.213895,50.982480,0.005665,1.608378,0.683379,1.00e-04
24,1.000,1.000,61.354509,74.901851,0.005640,1.613574,0.688284,40.858681,49.270334,0.005683,1.626465,0.683474,1.00e-04
25,1.000,1.000,60.099597,73.314771,0.005674,1.631355,0.690784,40.044147,48.233129,0.005725,1.645446,0.683530,1.00e-04
26,1.000,1.000,57.789217,70.410091,0.005711,1.648047,0.690686,39.258680,47.232288,0.005753,1.664296,0.684048,1.00e-04
27,1.000,1.000,57.339855,69.832686,0.005739,1.663163,0.692922,38.705261,46.529610,0.005780,1.675110,0.684299,1.00e-04
28,1.000,1.000,55.762414,67.850761,0.005764,1.673996,0.689984,38.018853,45.660236,0.005812,1.686614,0.683614,1.00e-04
29,1.000,1.000,53.280766,64.739519,0.005796,1.683021,0.690483,36.339542,43.556227,0.005837,1.691416,0.683786,1.00e-04
30,1.000,1.000,52.112745,63.271631,0.005826,1.690700,0.691095,36.072371,43.212128,0.005877,1.701559,0.683592,1.00e-04
31,1.000,1.000,50.571060,61.334976,0.005862,1.700461,0.690099,35.183044,42.091726,0.005905,1.710333,0.683358,1.00e-04
32,1.000,1.000,48.825733,59.144146,0.005883,1.709611,0.690097,34.735825,41.521990,0.005927,1.721012,0.683403,1.00e-04
33,1.000,1.000,48.082255,58.204917,0.005913,1.719423,0.690262,33.970026,40.557121,0.005956,1.728598,0.683424,1.00e-04
34,1.000,1.000,47.106438,56.977750,0.005940,1.727214,0.688575,33.002591,39.339119,0.005985,1.737242,0.683570,1.00e-04
35,1.000,1.000,45.534389,55.002110,0.005973,1.736771,0.692523,32.533557,38.745543,0.006021,1.744509,0.683490,1.00e-04
36,1.000,1.000,44.129687,53.241943,0.006007,1.741255,0.691611,32.313871,38.468709,0.006048,1.746724,0.683427,1.00e-04
37,1.000,1.000,44.202819,53.329932,0.006029,1.744393,0.692675,31.458279,37.394067,0.006073,1.751940,0.683077,1.00e-04
38,1.000,1.000,42.264076,50.902742,0.006056,1.748986,0.689241,31.911988,37.957255,0.006101,1.755857,0.683087,1.00e-04
39,1.000,1.000,41.777354,50.289689,0.006087,1.753110,0.691223,30.957811,36.761626,0.006132,1.758742,0.683053,1.00e-04
40,1.000,1.000,41.034997,49.358491,0.006116,1.756436,0.690812,29.889540,35.422750,0.006160,1.762295,0.682880,1.00e-04
41,1.000,1.000,39.391283,47.302586,0.006145,1.758465,0.687627,29.737425,35.229554,0.006183,1.765286,0.683034,1.00e-04
42,1.000,1.000,38.793070,46.550733,0.006170,1.762319,0.688458,29.067157,34.390977,0.006212,1.766023,0.682935,1.00e-04
43,1.000,1.000,38.862435,46.635177,0.006196,1.764322,0.689390,28.728434,33.961955,0.006234,1.771605,0.682993,1.00e-04
44,1.000,1.000,37.186540,44.536112,0.006222,1.768949,0.687565,28.056167,33.120440,0.006265,1.772791,0.682849,1.00e-04
45,1.000,1.000,36.138710,43.223888,0.006250,1.770496,0.691004,27.599940,32.546052,0.006302,1.776788,0.683129,1.00e-04
46,1.000,1.000,35.921405,42.949452,0.006289,1.773176,0.691355,27.369409,32.256756,0.006332,1.777878,0.683179,1.00e-04
47,1.000,1.000,35.742904,42.728038,0.006317,1.772072,0.688807,27.030760,31.836935,0.006356,1.774366,0.683171,1.00e-04
48,1.000,1.000,34.115973,40.693681,0.006341,1.772240,0.690817,26.992954,31.787162,0.006385,1.776808,0.683346,1.00e-04
49,1.000,1.000,33.943971,40.478094,0.006370,1.773212,0.689147,26.311583,30.936645,0.006407,1.775625,0.683205,1.00e-04
50,1.000,1.000,33.049697,39.361523,0.006391,1.771694,0.690053,26.047370,30.607734,0.006437,1.774187,0.683412,1.00e-04
51,1.000,1.000,32.691463,38.914179,0.006420,1.770862,0.691468,25.416641,29.820951,0.006464,1.772437,0.683795,1.00e-04
52,1.000,1.000,32.193438,38.293601,0.006449,1.769225,0.690081,25.126524,29.457537,0.006491,1.773187,0.683759,1.00e-04
53,1.000,1.000,31.298231,37.175655,0.006475,1.768339,0.689275,24.700640,28.927745,0.006517,1.770666,0.683485,1.00e-04
54,1.000,1.000,30.630081,36.340932,0.006506,1.768022,0.688563,24.437101,28.597547,0.006548,1.771393,0.683552,1.00e-04
55,1.000,1.000,29.908688,35.437408,0.006537,1.769727,0.688753,24.022820,28.075897,0.006572,1.775173,0.683529,1.00e-04
56,1.000,1.000,29.461453,34.873458,0.006553,1.774464,0.689362,23.621435,27.568059,0.006596,1.781212,0.683708,1.00e-04
57,1.000,1.000,29.212556,34.558369,0.006582,1.778503,0.688964,23.301774,27.166648,0.006621,1.782996,0.683810,1.00e-04
58,1.000,1.000,28.193449,33.282274,0.006609,1.781141,0.687148,23.082059,26.889844,0.006644,1.785142,0.683771,1.00e-04
59,1.000,1.000,27.719732,32.688695,0.006630,1.781667,0.690694,22.827840,26.571808,0.006669,1.785413,0.683641,1.00e-04
60,1.000,1.000,27.645341,32.594150,0.006658,1.784068,0.687196,22.396432,26.031519,0.006699,1.786412,0.683638,1.00e-04
61,1.000,1.000,27.044126,31.845473,0.006688,1.780535,0.689847,22.065636,25.623178,0.006730,1.781235,0.683608,1.00e-04
62,1.000,1.000,26.497650,31.165923,0.006718,1.777519,0.687610,22.016606,25.563298,0.006754,1.779771,0.683736,1.00e-04
63,1.000,1.000,26.154063,30.735293,0.006739,1.778376,0.688681,21.639751,25.091452,0.006775,1.780541,0.683685,1.00e-04
64,1.000,1.000,25.760796,30.247023,0.006760,1.775282,0.687719,21.181535,24.520943,0.006798,1.778312,0.683461,1.00e-04
65,1.000,1.000,25.011778,29.309466,0.006787,1.775898,0.690282,20.925506,24.200122,0.006821,1.779011,0.683715,1.00e-04
66,1.000,1.000,24.655543,28.863271,0.006805,1.776943,0.689636,20.831961,24.080378,0.006841,1.781752,0.683918,1.00e-04
67,1.000,1.000,24.282983,28.399542,0.006826,1.775048,0.689251,20.510703,23.688267,0.006862,1.772354,0.683577,1.00e-04
68,1.000,1.000,24.106059,28.182619,0.006847,1.770672,0.689743,20.282718,23.401932,0.006883,1.773680,0.683611,1.00e-04
69,1.000,1.000,23.455012,27.369744,0.006866,1.769911,0.688975,19.752460,22.739861,0.006905,1.772921,0.683546,1.00e-04
70,1.000,1.000,23.259911,27.122991,0.006892,1.773227,0.687107,19.684866,22.650444,0.006930,1.777816,0.683566,1.00e-04
71,1.000,1.000,22.899738,26.673963,0.006919,1.771760,0.688117,19.325205,22.206998,0.006953,1.771656,0.683594,1.00e-04
72,1.000,1.000,22.549737,26.239255,0.006939,1.768815,0.688645,19.058254,21.869739,0.006976,1.775204,0.683594,1.00e-04
73,1.000,1.000,22.097846,25.672112,0.006963,1.770090,0.692568,18.935176,21.723106,0.006999,1.767871,0.683973,1.00e-04
74,1.000,1.000,21.826288,25.341828,0.006986,1.761492,0.690212,18.510328,21.193404,0.007021,1.766582,0.683607,1.00e-04
75,1.000,1.000,21.397891,24.799090,0.007006,1.768853,0.689655,18.661665,21.371666,0.007045,1.777401,0.683875,1.00e-04
76,1.000,1.000,21.076332,24.388308,0.007032,1.777489,0.690344,18.235893,20.836813,0.007064,1.780019,0.683876,1.00e-04
77,1.000,1.000,20.648489,23.857919,0.007047,1.773738,0.687626,17.947482,20.480212,0.007081,1.776123,0.683747,1.00e-04
78,1.000,1.000,20.475344,23.642920,0.007066,1.771853,0.689365,17.676415,20.144139,0.007099,1.773347,0.683737,1.00e-04
79,1.000,1.000,19.983249,23.031960,0.007087,1.767767,0.688983,17.457884,19.872775,0.007124,1.771489,0.683864,1.00e-04
80,1.000,1.000,19.771428,22.765878,0.007110,1.769145,0.688607,17.151990,19.488534,0.007143,1.773419,0.683568,1.00e-04
81,1.000,1.000,19.397855,22.298969,0.007128,1.769349,0.687483,16.993143,19.293713,0.007161,1.769591,0.683858,1.00e-04
82,1.000,1.000,19.374262,22.270494,0.007147,1.768273,0.687651,16.857876,19.122623,0.007182,1.771568,0.683887,1.00e-04
83,1.000,1.000,18.894432,21.672944,0.007167,1.765643,0.689143,16.552236,18.745327,0.007200,1.766732,0.684139,1.00e-04
84,1.000,1.000,18.624641,21.339272,0.007186,1.762204,0.688560,16.317617,18.457821,0.007221,1.760975,0.684011,1.00e-04
85,1.000,1.000,18.326482,20.971498,0.007210,1.757399,0.687980,16.095951,18.181535,0.007241,1.760171,0.683963,1.00e-04
86,1.000,1.000,18.294403,20.926389,0.007227,1.762141,0.688981,15.940469,17.975585,0.007260,1.771740,0.684005,1.00e-04
87,1.000,1.000,17.756628,20.246353,0.007247,1.770467,0.686869,15.839169,17.847758,0.007280,1.772994,0.683714,1.00e-04
88,1.000,1.000,17.638992,20.099910,0.007267,1.769712,0.687400,15.734648,17.716542,0.007298,1.773572,0.683593,1.00e-04
89,1.000,1.000,17.391274,19.790543,0.007281,1.768936,0.689326,15.419720,17.327226,0.007313,1.769226,0.683538,1.00e-04
90,1.000,1.000,17.222203,19.584537,0.007300,1.763728,0.688755,15.331901,17.223662,0.007329,1.762976,0.683632,1.00e-04
91,1.000,1.000,16.884891,19.165126,0.007315,1.761138,0.690137,15.134219,16.973367,0.007350,1.766149,0.683626,1.00e-04
92,1.000,1.000,16.688197,18.918373,0.007338,1.762705,0.687316,14.843465,16.608478,0.007368,1.767556,0.683715,1.00e-04
93,1.000,1.000,16.552745,18.741523,0.007356,1.770115,0.687750,14.772931,16.513198,0.007385,1.774633,0.683788,1.00e-04
94,1.000,1.000,16.355714,18.497487,0.007370,1.767913,0.687489,14.585064,16.290610,0.007402,1.762416,0.683607,1.00e-04
95,1.000,1.000,16.295512,18.432312,0.007390,1.757357,0.689320,14.458144,16.130959,0.007417,1.763415,0.683556,1.00e-04
96,1.000,1.000,16.048115,18.119444,0.007403,1.761378,0.687676,14.328868,15.972857,0.007432,1.759884,0.683646,1.00e-04
97,1.000,1.000,15.837107,17.862497,0.007419,1.754411,0.688222,14.156277,15.760779,0.007450,1.756177,0.683758,1.00e-04
98,1.000,1.000,15.587177,17.549793,0.007437,1.754435,0.689222,13.997802,15.560314,0.007468,1.758532,0.683755,1.00e-04
99,1.000,1.000,15.309612,17.202244,0.007456,1.755524,0.687165,13.817450,15.336413,0.007484,1.756991,0.683696,1.00e-04
100,1.000,1.000,15.202214,17.066990,0.007470,1.755950,0.689426,13.743312,15.244340,0.007503,1.756391,0.683628,1.00e-04
101,1.000,1.000,14.975703,16.787728,0.007491,1.752228,0.688722,13.493378,14.932771,0.007519,1.755424,0.684035,1.00e-04
102,1.000,1.000,14.753088,16.510098,0.007504,1.751612,0.688579,13.535029,14.988567,0.007535,1.751772,0.683648,1.00e-04
103,1.000,1.000,14.610143,16.335523,0.007521,1.747590,0.688177,13.227736,14.610265,0.007550,1.745967,0.683551,1.00e-04
104,1.000,1.000,14.396203,16.066928,0.007534,1.749365,0.685707,13.138454,14.488943,0.007563,1.755737,0.683296,1.00e-04
105,1.000,1.000,14.358386,16.013285,0.007546,1.755085,0.688261,13.107969,14.451324,0.007577,1.755239,0.683284,1.00e-04
106,1.000,1.000,14.026670,15.600786,0.007563,1.753198,0.687160,12.847276,14.124396,0.007592,1.756265,0.683367,1.00e-04
107,1.000,1.000,13.941441,15.495138,0.007577,1.751978,0.688434,12.749838,14.010362,0.007608,1.748512,0.683258,1.00e-04
108,1.000,1.000,13.832854,15.365050,0.007595,1.746652,0.687082,12.676220,13.919682,0.007623,1.747180,0.683162,1.00e-04
109,1.000,1.000,13.643302,15.129669,0.007611,1.744254,0.690375,12.543859,13.757382,0.007638,1.744031,0.683092,1.00e-04
110,1.000,1.000,13.594868,15.069214,0.007623,1.744794,0.687821,12.482587,13.671561,0.007651,1.753222,0.683201,1.00e-04
111,1.000,1.000,13.358608,14.763596,0.007637,1.755134,0.687573,12.319711,13.468925,0.007664,1.752250,0.683199,1.00e-04
112,1.000,1.000,13.344702,14.756632,0.007651,1.745175,0.685676,12.154663,13.272005,0.007679,1.742845,0.683200,1.00e-04
113,1.000,1.000,13.162576,14.534455,0.007667,1.739682,0.685662,12.095851,13.199914,0.007694,1.741437,0.683070,1.00e-04
114,1.000,1.000,13.000082,14.333867,0.007682,1.736951,0.686405,12.033014,13.122396,0.007707,1.740354,0.683238,1.00e-04
115,1.000,1.000,12.856552,14.146887,0.007694,1.744052,0.688226,11.924529,12.979301,0.007719,1.747829,0.683247,1.00e-04
116,1.000,1.000,12.766423,14.030902,0.007705,1.747148,0.689094,11.781954,12.803495,0.007732,1.745339,0.683504,1.00e-04
117,1.000,1.000,12.591321,13.820289,0.007718,1.739573,0.686282,11.724984,12.740925,0.007745,1.736713,0.683388,1.00e-04
118,1.000,1.000,12.556004,13.781904,0.007734,1.733227,0.688558,11.710661,12.725205,0.007758,1.734511,0.683408,1.00e-04
119,1.000,1.000,12.417290,13.606653,0.007743,1.734975,0.688967,11.501604,12.462436,0.007770,1.735933,0.683463,1.00e-04
120,1.000,1.000,12.260244,13.411277,0.007757,1.734564,0.686826,11.420347,12.361987,0.007783,1.734715,0.683793,1.00e-04
121,1.000,1.000,12.228734,13.369979,0.007768,1.736587,0.686333,11.385118,12.314756,0.007797,1.737907,0.683751,1.00e-04
122,1.000,1.000,12.030225,13.123444,0.007783,1.734726,0.687317,11.321196,12.235889,0.007810,1.736894,0.683607,1.00e-04
123,1.000,1.000,11.983072,13.060349,0.007798,1.738747,0.687784,11.157950,12.030018,0.007824,1.738750,0.683380,1.00e-04
124,1.000,1.000,11.853890,12.903485,0.007812,1.734925,0.684564,11.062549,11.918047,0.007839,1.731441,0.683436,1.00e-04
125,1.000,1.000,11.689178,12.703683,0.007826,1.728301,0.686649,10.944557,11.776834,0.007853,1.725150,0.683438,1.00e-04
126,1.000,1.000,11.625538,12.629419,0.007842,1.722459,0.688809,10.915119,11.741700,0.007865,1.723413,0.683684,1.00e-04
127,1.000,1.000,11.573849,12.564228,0.007852,1.723430,0.687205,10.884458,11.701693,0.007876,1.725113,0.683561,1.00e-04
128,1.000,1.000,11.465492,12.426726,0.007863,1.725231,0.688182,10.772963,11.560513,0.007886,1.726916,0.683552,1.00e-04
129,1.000,1.000,11.324192,12.251296,0.007871,1.724273,0.687196,10.623208,11.378847,0.007898,1.721321,0.683775,1.00e-04
130,1.000,1.000,11.199586,12.099191,0.007885,1.720280,0.688505,10.613051,11.370094,0.007911,1.717410,0.683595,1.00e-04
131,1.000,1.000,11.134729,12.026023,0.007898,1.712886,0.686415,10.569907,11.322826,0.007923,1.710800,0.683340,1.00e-04
132,1.000,1.000,11.122619,12.008521,0.007909,1.714507,0.689350,10.448950,11.164145,0.007933,1.718237,0.683488,1.00e-04
133,1.000,1.000,10.972121,11.816076,0.007921,1.719654,0.686000,10.396611,11.099015,0.007945,1.717952,0.683404,1.00e-04
134,1.000,1.000,10.888462,11.713847,0.007932,1.717317,0.685927,10.311559,10.996414,0.007957,1.714233,0.683383,1.00e-04
135,1.000,1.000,10.809745,11.622739,0.007944,1.709611,0.687551,10.283986,10.969648,0.007969,1.706508,0.683424,1.00e-04
136,1.000,1.000,10.696211,11.485423,0.007957,1.705179,0.686820,10.282424,10.969515,0.007981,1.704634,0.683596,1.00e-04
137,1.000,1.000,10.673106,11.454097,0.007969,1.707750,0.686265,10.114995,10.755375,0.007993,1.709500,0.683502,1.00e-04
138,1.000,1.000,10.579083,11.337700,0.007981,1.706543,0.686516,10.032882,10.660923,0.008004,1.701296,0.683517,1.00e-04
139,1.000,1.000,10.528033,11.285844,0.007992,1.694635,0.686276,9.995849,10.627133,0.008014,1.688785,0.683520,1.00e-04
140,1.000,1.000,10.414025,11.144972,0.008000,1.692584,0.687898,9.945100,10.556182,0.008025,1.696268,0.683597,1.00e-04
141,1.000,1.000,10.356580,11.071092,0.008013,1.694767,0.687412,9.864475,10.455974,0.008036,1.695664,0.683680,1.00e-04
142,1.000,1.000,10.298201,10.995794,0.008022,1.696652,0.689132,9.824242,10.408698,0.008045,1.692656,0.683609,1.00e-04
143,1.000,1.000,10.207409,10.885537,0.008032,1.693924,0.687072,9.731995,10.293110,0.008056,1.692899,0.683712,1.00e-04
144,1.000,1.000,10.150472,10.821836,0.008044,1.686546,0.686654,9.724476,10.297355,0.008068,1.679209,0.683852,1.00e-04
145,1.000,1.000,10.091680,10.756260,0.008055,1.678560,0.686899,9.626117,10.174833,0.008079,1.678758,0.683910,1.00e-04
146,1.000,1.000,10.004696,10.641136,0.008067,1.684711,0.687824,9.571154,10.099307,0.008089,1.685535,0.684049,1.00e-04
147,1.000,1.000,9.887166,10.492933,0.008076,1.686494,0.685815,9.531487,10.050592,0.008099,1.684682,0.683944,1.00e-04
148,1.000,1.000,9.886975,10.496238,0.008086,1.682713,0.686728,9.534622,10.062481,0.008110,1.676631,0.684219,1.00e-04
149,1.000,1.000,9.765698,10.349660,0.008096,1.677793,0.686290,9.400329,9.891431,0.008121,1.679885,0.683895,1.00e-04
150,1.000,1.000,9.727978,10.295391,0.008107,1.684661,0.687253,9.447839,9.945028,0.008132,1.685648,0.683966,1.00e-04
151,1.000,1.000,9.707959,10.274912,0.008119,1.679892,0.688104,9.318590,9.798401,0.008142,1.670680,0.684060,1.00e-04
152,1.000,1.000,9.629755,10.184503,0.008129,1.672812,0.686996,9.306673,9.784334,0.008152,1.669879,0.683905,1.00e-04
153,1.000,1.000,9.596908,10.141163,0.008138,1.675031,0.687215,9.287022,9.756085,0.008161,1.673572,0.683837,1.00e-04
154,1.000,1.000,9.510458,10.039192,0.008150,1.668520,0.688844,9.192415,9.645886,0.008170,1.665510,0.683812,1.00e-04
155,1.000,1.000,9.473552,9.996914,0.008157,1.664862,0.688025,9.179889,9.635140,0.008179,1.660586,0.683822,1.00e-04
156,1.000,1.000,9.429100,9.946553,0.008167,1.658863,0.691168,9.093687,9.532805,0.008189,1.655148,0.683866,1.00e-04
157,1.000,1.000,9.331162,9.826958,0.008177,1.657232,0.686340,9.086823,9.523353,0.008199,1.655996,0.683922,1.00e-04
158,1.000,1.000,9.296502,9.783220,0.008187,1.657741,0.685918,9.001099,9.416631,0.008209,1.655574,0.683834,1.00e-04
159,1.000,1.000,9.201004,9.667267,0.008196,1.654466,0.685302,8.991209,9.409306,0.008219,1.650502,0.683943,1.00e-04
160,1.000,1.000,9.186074,9.652519,0.008207,1.649752,0.688458,8.942349,9.356434,0.008228,1.642268,0.684030,1.00e-04
161,1.000,1.000,9.118049,9.574605,0.008217,1.643330,0.685634,8.926515,9.336655,0.008237,1.642228,0.684094,1.00e-04
162,1.000,1.000,9.106181,9.560574,0.008225,1.642666,0.685042,8.878194,9.276680,0.008246,1.641782,0.684139,1.00e-04
163,1.000,1.000,9.055370,9.493290,0.008234,1.645920,0.687074,8.834457,9.218955,0.008254,1.644808,0.684218,1.00e-04
164,1.000,1.000,8.981023,9.401092,0.008241,1.645658,0.685152,8.788157,9.162980,0.008264,1.642941,0.684045,1.00e-04
165,1.000,1.000,8.976385,9.401686,0.008252,1.639140,0.685615,8.754462,9.128931,0.008273,1.634813,0.684240,1.00e-04
166,1.000,1.000,8.945627,9.366223,0.008261,1.635966,0.686337,8.729686,9.100520,0.008282,1.632233,0.684292,1.00e-04
167,1.000,1.000,8.847604,9.250383,0.008269,1.629237,0.686464,8.687411,9.055534,0.008290,1.624318,0.684487,1.00e-04
168,1.000,1.000,8.820801,9.218182,0.008278,1.628090,0.685801,8.639730,8.993558,0.008300,1.626700,0.684417,1.00e-04
169,1.000,1.000,8.770014,9.154046,0.008288,1.628638,0.686187,8.619268,8.970270,0.008308,1.624446,0.684239,1.00e-04
170,1.000,1.000,8.740340,9.118796,0.008297,1.626766,0.686265,8.599172,8.942568,0.008317,1.627006,0.684299,1.00e-04
171,1.000,1.000,8.749629,9.131145,0.008305,1.626300,0.685140,8.546137,8.879616,0.008325,1.623657,0.684292,1.00e-04
172,1.000,1.000,8.705439,9.074796,0.008314,1.627348,0.685364,8.562240,8.898552,0.008333,1.624810,0.684416,1.00e-04
173,1.000,1.000,8.671288,9.034143,0.008321,1.625174,0.685888,8.509008,8.836336,0.008341,1.620500,0.684331,1.00e-04
174,1.000,1.000,8.597542,8.946179,0.008328,1.620068,0.689412,8.455248,8.774477,0.008350,1.615054,0.684713,1.00e-04
175,1.000,1.000,8.531466,8.870706,0.008339,1.613616,0.686685,8.430694,8.744856,0.008359,1.614041,0.684448,1.00e-04
176,1.000,1.000,8.500891,8.830106,0.008346,1.615838,0.687294,8.427455,8.739194,0.008367,1.615676,0.684323,1.00e-04
177,1.000,1.000,8.479702,8.802935,0.008354,1.616801,0.686149,8.381925,8.686389,0.008375,1.611540,0.684409,1.00e-04
178,1.000,1.000,8.419924,8.738503,0.008364,1.606502,0.686143,8.336153,8.639232,0.008384,1.601505,0.684280,1.00e-04
179,1.000,1.000,8.373085,8.684860,0.008372,1.601692,0.685726,8.290781,8.586241,0.008392,1.597783,0.684244,1.00e-04
180,1.000,1.000,8.347703,8.650430,0.008380,1.603677,0.688566,8.260107,8.545594,0.008400,1.600016,0.684495,1.00e-04
181,1.000,1.000,8.335849,8.640494,0.008388,1.599335,0.686377,8.242778,8.529014,0.008408,1.594995,0.684220,1.00e-04
182,1.000,1.000,8.336174,8.644695,0.008396,1.595366,0.687040,8.319872,8.629557,0.008416,1.590850,0.684067,1.00e-04
183,1.000,1.000,8.253839,8.547710,0.008404,1.589945,0.684954,8.202330,8.484341,0.008423,1.589084,0.684255,1.00e-04
184,1.000,1.000,8.200649,8.482044,0.008411,1.588883,0.685895,8.139557,8.408333,0.008431,1.586641,0.684162,1.00e-04
185,1.000,1.000,8.179601,8.455091,0.008420,1.589355,0.686541,8.115875,8.378333,0.008440,1.587035,0.684139,1.00e-04
186,1.000,1.000,8.139379,8.408196,0.008428,1.586321,0.685115,8.155941,8.436937,0.008448,1.578519,0.684090,1.00e-04
187,1.000,1.000,8.127903,8.397873,0.008437,1.581934,0.686538,8.059404,8.315372,0.008456,1.579374,0.684209,1.00e-04
188,1.000,1.000,8.088614,8.349761,0.008445,1.581140,0.685685,8.047208,8.302966,0.008463,1.576544,0.684149,1.00e-04
189,1.000,1.000,8.067268,8.322781,0.008451,1.581297,0.686227,8.053471,8.309171,0.008471,1.578081,0.684462,1.00e-04
190,1.000,1.000,8.029825,8.276576,0.008460,1.580778,0.685872,7.994569,8.238085,0.008478,1.575596,0.684210,1.00e-04
191,1.000,1.000,7.983308,8.220739,0.008466,1.578685,0.684981,7.961872,8.195386,0.008486,1.577438,0.684123,1.00e-04
192,1.000,1.000,7.954314,8.186605,0.008475,1.576351,0.685844,7.960021,8.199740,0.008494,1.570729,0.684253,1.00e-04
193,1.000,1.000,7.927520,8.159017,0.008482,1.570698,0.684810,7.909970,8.143019,0.008501,1.564939,0.684014,1.00e-04
194,1.000,1.000,7.908103,8.139942,0.008490,1.565457,0.684956,7.929121,8.168128,0.008509,1.563757,0.684032,1.00e-04
195,1.000,1.000,7.879992,8.104689,0.008500,1.565581,0.684881,7.848159,8.066600,0.008517,1.564043,0.684156,1.00e-04
196,1.000,1.000,7.840912,8.053001,0.008506,1.567859,0.687092,7.871952,8.096496,0.008524,1.563840,0.684320,1.00e-04
197,1.000,1.000,7.826321,8.039179,0.008512,1.563669,0.686161,7.817360,8.031422,0.008530,1.560680,0.684271,1.00e-04
198,1.000,1.000,7.775540,7.976405,0.008519,1.563182,0.685276,7.807577,8.024392,0.008537,1.555473,0.684276,1.00e-04
199,1.000,1.000,7.732509,7.930308,0.008526,1.555466,0.685339,7.759060,7.970699,0.008544,1.548478,0.684416,1.00e-04
200,1.000,1.000,7.739632,7.948267,0.008534,1.546795,0.683781,7.731758,7.944487,0.008552,1.540548,0.684444,1.00e-04
201,1.000,1.000,7.701754,7.900912,0.008542,1.546175,0.686257,7.755343,7.969218,0.008559,1.545314,0.684355,1.00e-04
202,1.000,1.000,7.662081,7.849026,0.008546,1.548692,0.685345,7.696398,7.894906,0.008565,1.545984,0.684172,1.00e-04
203,1.000,1.000,7.645001,7.827679,0.008554,1.548447,0.686286,7.670289,7.866916,0.008572,1.541329,0.684175,1.00e-04
204,1.000,1.000,7.612248,7.792786,0.008561,1.542537,0.685700,7.677103,7.878342,0.008580,1.538390,0.684267,1.00e-04
205,1.000,1.000,7.598532,7.775165,0.008570,1.542842,0.686351,7.633531,7.824566,0.008587,1.537677,0.684339,1.00e-04
206,1.000,1.000,7.549381,7.717077,0.008577,1.539785,0.685146,7.630200,7.822257,0.008594,1.535829,0.684279,1.00e-04
207,1.000,1.000,7.538880,7.705957,0.008583,1.537819,0.684968,7.567575,7.745257,0.008601,1.534572,0.684159,1.00e-04
208,1.000,1.000,7.509030,7.667704,0.008590,1.538936,0.684226,7.559053,7.736475,0.008607,1.532693,0.684164,1.00e-04
209,1.000,1.000,7.481451,7.636772,0.008596,1.535196,0.685000,7.553082,7.731177,0.008613,1.530563,0.683999,1.00e-04
210,1.000,1.000,7.441938,7.591567,0.008602,1.530789,0.685857,7.524191,7.701115,0.008620,1.524464,0.684157,1.00e-04
211,1.000,1.000,7.414412,7.562075,0.008610,1.526400,0.683719,7.510861,7.686016,0.008627,1.522914,0.684076,1.00e-04
212,1.000,1.000,7.410256,7.558697,0.008616,1.524094,0.685651,7.509720,7.686032,0.008634,1.521501,0.683935,1.00e-04
213,1.000,1.000,7.397432,7.539329,0.008624,1.527727,0.684434,7.455410,7.615658,0.008641,1.523947,0.684070,1.00e-04
214,1.000,1.000,7.360312,7.494372,0.008630,1.526198,0.684760,7.477943,7.644709,0.008647,1.523002,0.684287,1.00e-04
215,1.000,1.000,7.351554,7.486566,0.008636,1.523020,0.684881,7.425533,7.586964,0.008654,1.515238,0.684241,1.00e-04
216,1.000,1.000,7.315606,7.446887,0.008642,1.517810,0.684672,7.406991,7.565522,0.008660,1.513484,0.684288,1.00e-04
217,1.000,1.000,7.293147,7.421196,0.008650,1.515702,0.683543,7.377319,7.528931,0.008667,1.512973,0.684309,1.00e-04
218,1.000,1.000,7.259057,7.377799,0.008657,1.515997,0.685472,7.362239,7.511864,0.008674,1.511237,0.684097,1.00e-04
219,1.000,1.000,7.236155,7.351581,0.008663,1.514197,0.683008,7.343476,7.490550,0.008680,1.509120,0.683979,1.00e-04
220,1.000,1.000,7.217797,7.332142,0.008669,1.510423,0.684048,7.318748,7.464341,0.008686,1.504485,0.683690,1.00e-04
221,1.000,1.000,7.174773,7.283224,0.008676,1.506030,0.682142,7.303679,7.448278,0.008693,1.501711,0.683668,1.00e-04
222,1.000,1.000,7.174209,7.283194,0.008683,1.504983,0.683605,7.289001,7.427079,0.008699,1.504519,0.683817,1.00e-04
223,1.000,1.000,7.165095,7.269873,0.008689,1.506465,0.685363,7.289648,7.428120,0.008705,1.504208,0.684104,1.00e-04
224,1.000,1.000,7.134985,7.229682,0.008694,1.508847,0.686035,7.261644,7.391936,0.008711,1.505365,0.684167,1.00e-04
225,1.000,1.000,7.112935,7.206390,0.008701,1.504814,0.685055,7.258500,7.395226,0.008718,1.498283,0.683596,1.00e-04
226,1.000,1.000,7.087410,7.178572,0.008709,1.501071,0.683642,7.217064,7.345277,0.008724,1.496472,0.683426,1.00e-04
227,1.000,1.000,7.077514,7.166152,0.008714,1.500865,0.684645,7.183156,7.304381,0.008731,1.494924,0.683634,1.00e-04
228,1.000,1.000,7.029530,7.109015,0.008721,1.497959,0.684866,7.185719,7.310925,0.008737,1.491531,0.683821,1.00e-04
229,1.000,1.000,7.019194,7.099817,0.008728,1.494491,0.683824,7.162612,7.284138,0.008744,1.489437,0.683781,1.00e-04
230,1.000,1.000,7.004705,7.081712,0.008733,1.494438,0.683995,7.165228,7.289375,0.008750,1.487549,0.683447,1.00e-04
231,1.000,1.000,6.972736,7.044829,0.008741,1.491313,0.684148,7.120897,7.234637,0.008757,1.486820,0.683632,1.00e-04
232,1.000,1.000,6.952960,7.022309,0.008747,1.489096,0.684191,7.124995,7.243185,0.008763,1.483331,0.683860,1.00e-04
233,1.000,1.000,6.934649,7.004980,0.008753,1.483343,0.684937,7.074001,7.184599,0.008768,1.478207,0.683711,1.00e-04
234,1.000,1.000,6.909846,6.971307,0.008758,1.486170,0.684292,7.072495,7.178437,0.008775,1.482463,0.683774,1.00e-04
235,1.000,1.000,6.904041,6.963417,0.008764,1.487137,0.682935,7.062295,7.164577,0.008780,1.483603,0.683634,1.00e-04
236,1.000,1.000,6.879193,6.938089,0.008768,1.481043,0.684365,7.031006,7.138187,0.008786,1.470870,0.683659,1.00e-04
237,1.000,1.000,6.844127,6.899887,0.008775,1.475675,0.683285,7.002995,7.103014,0.008792,1.471057,0.683525,1.00e-04
238,1.000,1.000,6.838691,6.887784,0.008782,1.480580,0.684868,6.993272,7.085187,0.008797,1.476731,0.683501,1.00e-04
239,1.000,1.000,6.802433,6.844889,0.008787,1.478149,0.684863,6.980271,7.075792,0.008803,1.469878,0.683461,1.00e-04
240,1.000,1.000,6.790848,6.837461,0.008794,1.471035,0.685078,6.967237,7.063840,0.008809,1.465540,0.683427,1.00e-04
241,1.000,1.000,6.750285,6.790190,0.008799,1.467941,0.683709,6.981331,7.084461,0.008815,1.462533,0.683421,1.00e-04
242,1.000,1.000,6.757058,6.798073,0.008805,1.468463,0.683925,6.945132,7.034854,0.008821,1.466873,0.683471,1.00e-04
243,1.000,1.000,6.739147,6.773303,0.008811,1.470875,0.683783,6.910109,6.991425,0.008826,1.466476,0.683631,1.00e-04
244,1.000,1.000,6.720819,6.754552,0.008816,1.466642,0.684052,6.899131,6.981550,0.008832,1.462633,0.683596,1.00e-04
245,1.000,1.000,6.689408,6.717108,0.008822,1.464651,0.684717,6.870448,6.950513,0.008838,1.457745,0.683856,1.00e-04
246,1.000,1.000,6.671045,6.697239,0.008828,1.461941,0.683193,6.865629,6.943789,0.008843,1.458547,0.683429,1.00e-04
247,1.000,1.000,6.673272,6.700287,0.008833,1.461430,0.684154,6.846423,6.926641,0.008848,1.451700,0.683357,1.00e-04
248,1.000,1.000,6.628820,6.652048,0.008839,1.454012,0.684505,6.852432,6.941413,0.008853,1.444448,0.683306,1.00e-04
249,1.000,1.000,6.624738,6.651129,0.008843,1.450164,0.683144,6.816248,6.894455,0.008858,1.446156,0.683363,1.00e-04
250,1.000,1.000,6.603525,6.626066,0.008848,1.448979,0.682052,6.797255,6.871380,0.008864,1.445463,0.683448,1.00e-04
251,1.000,1.000,6.551133,6.559671,0.008854,1.449476,0.683658,6.782623,6.854510,0.008869,1.444035,0.683461,1.00e-04
252,1.000,1.000,6.551461,6.562409,0.008858,1.446774,0.685142,6.779389,6.855004,0.008874,1.439482,0.683503,1.00e-04
253,1.000,1.000,6.545192,6.556015,0.008863,1.445650,0.683847,6.762149,6.831064,0.008879,1.441958,0.683142,1.00e-04
254,1.000,1.000,6.497459,6.499934,0.008870,1.441861,0.684637,6.749801,6.824038,0.008885,1.433531,0.683189,1.00e-04
255,1.000,1.000,6.494674,6.496552,0.008876,1.441753,0.684646,6.723172,6.782355,0.008890,1.441860,0.683438,1.00e-04
256,1.000,1.000,6.476781,6.473903,0.008881,1.442434,0.683035,6.704128,6.765792,0.008896,1.434658,0.683253,1.00e-04
257,1.000,1.000,6.478378,6.479656,0.008885,1.438834,0.682392,6.709445,6.772619,0.008901,1.434497,0.683158,1.00e-04
258,1.000,1.000,6.454433,6.450575,0.008893,1.438397,0.680707,6.665943,6.715690,0.008907,1.437040,0.683168,1.00e-04
259,1.000,1.000,6.434053,6.421949,0.008898,1.441087,0.682531,6.652172,6.698990,0.008913,1.436557,0.683017,1.00e-04
260,1.000,1.000,6.414184,6.397170,0.008905,1.440862,0.683170,6.624802,6.669542,0.008918,1.431734,0.683232,1.00e-04
261,1.000,1.000,6.395756,6.382597,0.008909,1.432275,0.683655,6.630671,6.686119,0.008924,1.422484,0.683244,1.00e-04
262,1.000,1.000,6.361970,6.346325,0.008915,1.426960,0.681054,6.601350,6.648696,0.008930,1.423287,0.683100,1.00e-04
263,1.000,1.000,6.353233,6.329582,0.008921,1.432452,0.682342,6.625329,6.673982,0.008935,1.427936,0.683232,1.00e-04
264,1.000,1.000,6.339679,6.315654,0.008925,1.429523,0.681988,6.562898,6.603034,0.008940,1.420847,0.683207,1.00e-04
265,1.000,1.000,6.333980,6.311336,0.008931,1.426646,0.682247,6.553482,6.587149,0.008946,1.424980,0.683115,1.00e-04
266,1.000,1.000,6.307074,6.274292,0.008937,1.429749,0.683459,6.568863,6.605058,0.008951,1.426287,0.683128,1.00e-04
267,1.000,1.000,6.288590,6.253480,0.008942,1.428060,0.681025,6.540762,6.574296,0.008956,1.421996,0.682818,1.00e-04
268,1.000,1.000,6.262566,6.223227,0.008947,1.425266,0.683068,6.540368,6.577167,0.008961,1.418570,0.683047,1.00e-04
269,1.000,1.000,6.242519,6.201774,0.008952,1.421520,0.683607,6.497687,6.528512,0.008967,1.413889,0.682964,1.00e-04
270,1.000,1.000,6.229438,6.191460,0.008957,1.415962,0.681676,6.481627,6.511345,0.008972,1.410979,0.682950,1.00e-04
271,1.000,1.000,6.214988,6.169778,0.008964,1.419167,0.683301,6.470555,6.492938,0.008977,1.415581,0.682791,1.00e-04
272,1.000,1.000,6.192786,6.142307,0.008968,1.419282,0.681702,6.446803,6.466430,0.008982,1.412443,0.682593,1.00e-04
273,1.000,1.000,6.192127,6.141548,0.008973,1.419018,0.682481,6.478959,6.502306,0.008987,1.416803,0.682412,1.00e-04
274,1.000,1.000,6.171095,6.113672,0.008977,1.420601,0.682475,6.409077,6.421710,0.008992,1.410065,0.682318,1.00e-04
275,1.000,1.000,6.170375,6.119145,0.008982,1.414455,0.681548,6.407614,6.421523,0.008996,1.408363,0.682537,1.00e-04
276,1.000,1.000,6.136691,6.077510,0.008987,1.414001,0.681467,6.400704,6.410837,0.009001,1.410363,0.682718,1.00e-04
277,1.000,1.000,6.108448,6.043252,0.008992,1.412642,0.682690,6.403844,6.418159,0.009006,1.407003,0.682552,1.00e-04
278,1.000,1.000,6.104564,6.040034,0.008996,1.410977,0.682788,6.373174,6.381794,0.009011,1.405064,0.682398,1.00e-04
279,1.000,1.000,6.084108,6.021192,0.009001,1.404541,0.681600,6.340684,6.352497,0.009016,1.393692,0.682600,1.00e-04
280,1.000,1.000,6.069528,6.008144,0.009008,1.399493,0.681060,6.342947,6.350575,0.009021,1.398458,0.682521,1.00e-04
281,1.000,1.000,6.058885,5.989641,0.009012,1.404588,0.681461,6.339520,6.343643,0.009026,1.401144,0.682351,1.00e-04
282,1.000,1.000,6.042600,5.972367,0.009017,1.401412,0.681819,6.326136,6.334643,0.009031,1.393389,0.682421,1.00e-04
283,1.000,1.000,6.028141,5.958279,0.009022,1.397636,0.680953,6.320807,6.328448,0.009036,1.392851,0.682692,1.00e-04
284,1.000,1.000,6.011592,5.934784,0.009027,1.400356,0.681289,6.290469,6.289003,0.009041,1.394440,0.682409,1.00e-04
285,1.000,1.000,5.996443,5.917346,0.009032,1.399014,0.680648,6.288567,6.291033,0.009047,1.389992,0.682548,1.00e-04
286,1.000,1.000,5.972611,5.891329,0.009038,1.395101,0.681184,6.247394,6.237974,0.009052,1.391593,0.682496,1.00e-04
287,1.000,1.000,5.943951,5.850357,0.009043,1.399873,0.682663,6.252561,6.241964,0.009057,1.394094,0.682348,1.00e-04
288,1.000,1.000,5.946906,5.858255,0.009047,1.395531,0.683198,6.230605,6.218378,0.009062,1.390173,0.682571,1.00e-04
289,1.000,1.000,5.929494,5.841060,0.009053,1.391394,0.681440,6.228214,6.221240,0.009067,1.384245,0.682861,1.00e-04
290,1.000,1.000,5.917403,5.824797,0.009059,1.391891,0.684026,6.195240,6.178299,0.009072,1.386004,0.682705,1.00e-04
291,1.000,1.000,5.884284,5.785194,0.009063,1.390790,0.681231,6.198882,6.184839,0.009077,1.384143,0.682176,1.00e-04
292,1.000,1.000,5.880000,5.784800,0.009069,1.386018,0.680452,6.180583,6.164183,0.009082,1.381984,0.681921,1.00e-04
293,1.000,1.000,5.861576,5.762121,0.009073,1.385329,0.681782,6.156558,6.135313,0.009087,1.380779,0.682074,1.00e-04
294,1.000,1.000,5.855307,5.754348,0.009078,1.385051,0.682627,6.165640,6.149575,0.009091,1.377940,0.681778,1.00e-04
295,1.000,1.000,5.822044,5.717352,0.009083,1.380784,0.681342,6.143131,6.125569,0.009096,1.373834,0.681661,1.00e-04
296,1.000,1.000,5.819272,5.714508,0.009088,1.380033,0.681845,6.137634,6.116448,0.009101,1.376079,0.681661,1.00e-04
297,1.000,1.000,5.797108,5.686138,0.009092,1.381007,0.680593,6.117126,6.092334,0.009105,1.374559,0.681638,1.00e-04
298,1.000,1.000,5.783263,5.672847,0.009096,1.377309,0.679308,6.102987,6.077631,0.009110,1.371636,0.681429,1.00e-04
299,1.000,1.000,5.754507,5.637657,0.009101,1.376414,0.679845,6.084006,6.055903,0.009114,1.369559,0.681726,1.00e-04
300,1.000,1.000,5.767741,5.652352,0.009105,1.377823,0.681584,6.087911,6.055559,0.009119,1.374793,0.681670,1.00e-04
301,1.000,1.000,5.755015,5.639910,0.009111,1.375232,0.678066,6.067166,6.039119,0.009123,1.365264,0.681803,1.00e-04
302,1.000,1.000,5.740828,5.625950,0.009115,1.371106,0.679456,6.046750,6.012687,0.009128,1.366170,0.681812,1.00e-04
303,1.000,1.000,5.722264,5.604197,0.009119,1.369236,0.681114,6.041815,6.010803,0.009132,1.361885,0.681796,1.00e-04
304,1.000,1.000,5.703528,5.583951,0.009124,1.366032,0.681213,6.040271,6.011344,0.009137,1.359349,0.682037,1.00e-04
305,1.000,1.000,5.697441,5.579611,0.009128,1.363125,0.679752,5.998288,5.960398,0.009141,1.357857,0.681860,1.00e-04
306,1.000,1.000,5.656050,5.526886,0.009133,1.363666,0.681509,5.978039,5.936543,0.009146,1.356343,0.682066,1.00e-04
307,1.000,1.000,5.648109,5.518794,0.009138,1.362280,0.679696,5.989895,5.949875,0.009150,1.357884,0.681838,1.00e-04
308,1.000,1.000,5.647826,5.518380,0.009143,1.362477,0.679132,5.975756,5.934178,0.009155,1.355934,0.681712,1.00e-04
309,1.000,1.000,5.627451,5.495362,0.009146,1.359298,0.682033,5.953109,5.906701,0.009160,1.355171,0.681418,1.00e-04
310,1.000,1.000,5.610946,5.475076,0.009150,1.359187,0.681077,5.956286,5.915510,0.009164,1.350325,0.681435,1.00e-04
311,1.000,1.000,5.599331,5.464674,0.009155,1.355554,0.679119,5.930766,5.886399,0.009169,1.347517,0.681491,1.00e-04
312,1.000,1.000,5.582778,5.449194,0.009160,1.350356,0.679049,5.902232,5.855427,0.009173,1.342767,0.681686,1.00e-04
313,1.000,1.000,5.550290,5.409614,0.009166,1.349098,0.679938,5.878446,5.827911,0.009178,1.340572,0.681588,1.00e-04
314,1.000,1.000,5.562246,5.426047,0.009169,1.347526,0.680262,5.891280,5.837923,0.009182,1.346698,0.681187,1.00e-04
315,1.000,1.000,5.537231,5.389612,0.009175,1.352947,0.679218,5.881354,5.822903,0.009187,1.349259,0.681377,1.00e-04
316,1.000,1.000,5.522042,5.372303,0.009177,1.351158,0.679656,5.843103,5.784497,0.009191,1.339808,0.681527,1.00e-04
317,1.000,1.000,5.504233,5.357479,0.009183,1.343949,0.678718,5.826059,5.764089,0.009196,1.338926,0.681451,1.00e-04
318,1.000,1.000,5.514708,5.369421,0.009188,1.344955,0.679284,5.821400,5.757010,0.009201,1.340254,0.681141,1.00e-04
319,1.000,1.000,5.487824,5.335150,0.009193,1.345449,0.679949,5.843828,5.786961,0.009205,1.338402,0.680869,1.00e-04
320,1.000,1.000,5.464981,5.310648,0.009197,1.341715,0.678668,5.805728,5.741072,0.009209,1.336701,0.680713,1.00e-04
321,1.000,1.000,5.448941,5.288839,0.009201,1.343267,0.679479,5.794041,5.722636,0.009214,1.340515,0.680745,1.00e-04
322,1.000,1.000,5.442684,5.282696,0.009206,1.341242,0.680841,5.799670,5.735558,0.009218,1.334574,0.680945,1.00e-04
323,1.000,1.000,5.422143,5.259664,0.009210,1.339084,0.678880,5.786242,5.720819,0.009223,1.332629,0.680528,1.00e-04
324,1.000,1.000,5.420814,5.260476,0.009215,1.336535,0.679169,5.763447,5.692547,0.009227,1.332325,0.680837,1.00e-04
325,1.000,1.000,5.400385,5.233803,0.009219,1.337963,0.677988,5.749125,5.674197,0.009231,1.332813,0.680661,1.00e-04
326,1.000,1.000,5.389363,5.218180,0.009224,1.339739,0.678238,5.727647,5.646682,0.009236,1.333506,0.680541,1.00e-04
327,1.000,1.000,5.369615,5.198223,0.009228,1.335177,0.677562,5.738559,5.663940,0.009240,1.329898,0.680485,1.00e-04
328,1.000,1.000,5.357124,5.187543,0.009232,1.330144,0.677943,5.703495,5.626224,0.009244,1.323726,0.680696,1.00e-04
329,1.000,1.000,5.342216,5.167653,0.009237,1.331299,0.678325,5.696346,5.612736,0.009249,1.328321,0.680504,1.00e-04
330,1.000,1.000,5.327684,5.148606,0.009242,1.331963,0.679171,5.676417,5.590407,0.009253,1.325681,0.680721,1.00e-04
331,1.000,1.000,5.329036,5.151881,0.009245,1.330912,0.677024,5.673537,5.586636,0.009258,1.325814,0.680851,1.00e-04
332,1.000,1.000,5.299173,5.114919,0.009250,1.330217,0.678320,5.672182,5.585934,0.009262,1.324850,0.680723,1.00e-04
333,1.000,1.000,5.297706,5.113053,0.009254,1.329977,0.679396,5.662613,5.576609,0.009267,1.322187,0.680814,1.00e-04
334,1.000,1.000,5.280841,5.096208,0.009258,1.325968,0.678464,5.637807,5.548861,0.009271,1.318980,0.680590,1.00e-04
335,1.000,1.000,5.263836,5.075118,0.009263,1.325496,0.679673,5.617251,5.524192,0.009275,1.317961,0.680544,1.00e-04
336,1.000,1.000,5.248367,5.060264,0.009268,1.322005,0.675685,5.596477,5.498094,0.009279,1.318128,0.680381,1.00e-04
337,1.000,1.000,5.245335,5.055193,0.009271,1.323018,0.676748,5.599322,5.501476,0.009283,1.318264,0.680516,1.00e-04
338,1.000,1.000,5.236455,5.043725,0.009275,1.323366,0.676810,5.591555,5.493074,0.009288,1.316992,0.680359,1.00e-04
339,1.000,1.000,5.202962,5.003966,0.009280,1.321147,0.677236,5.570301,5.469620,0.009292,1.313939,0.680101,1.00e-04
340,1.000,1.000,5.189459,4.988361,0.009284,1.319990,0.676754,5.566115,5.463248,0.009296,1.315097,0.680007,1.00e-04
341,1.000,1.000,5.180969,4.976974,0.009289,1.321407,0.674167,5.571244,5.470095,0.009300,1.314684,0.679903,1.00e-04
342,1.000,1.000,5.178892,4.976895,0.009293,1.317927,0.678001,5.529276,5.421466,0.009304,1.310752,0.680288,1.00e-04
343,1.000,1.000,5.169560,4.964981,0.009297,1.318616,0.676222,5.522838,5.411938,0.009308,1.312282,0.680074,1.00e-04
344,1.000,1.000,5.142618,4.933015,0.009301,1.316851,0.676423,5.506637,5.394920,0.009313,1.309079,0.679935,1.00e-04
345,1.000,1.000,5.138159,4.929703,0.009305,1.314818,0.675489,5.500479,5.386035,0.009317,1.310281,0.679866,1.00e-04
346,1.000,1.000,5.140076,4.931218,0.009310,1.315821,0.674986,5.478998,5.362030,0.009321,1.307452,0.679780,1.00e-04
347,1.000,1.000,5.103774,4.887967,0.009313,1.313694,0.674970,5.476001,5.359111,0.009325,1.306546,0.680074,1.00e-04
348,1.000,1.000,5.103265,4.888617,0.009318,1.311752,0.677575,5.465741,5.348681,0.009329,1.304140,0.680099,1.00e-04
349,1.000,1.000,5.094147,4.879608,0.009322,1.310028,0.674900,5.463634,5.347316,0.009333,1.302879,0.680058,1.00e-04
350,1.000,1.000,5.086521,4.869247,0.009326,1.310370,0.676831,5.448905,5.325303,0.009337,1.306563,0.679710,1.00e-04
351,1.000,1.000,5.060294,4.837440,0.009330,1.309785,0.675249,5.430367,5.304577,0.009341,1.304148,0.679568,1.00e-04
352,1.000,1.000,5.050554,4.826105,0.009334,1.308875,0.675513,5.451674,5.331457,0.009345,1.303891,0.679598,1.00e-04
353,1.000,1.000,5.051581,4.828103,0.009338,1.307965,0.676283,5.427215,5.302153,0.009349,1.302629,0.679548,1.00e-04
354,1.000,1.000,5.028943,4.804600,0.009342,1.303303,0.675731,5.404338,5.279398,0.009353,1.296780,0.679561,1.00e-04
355,1.000,1.000,5.025074,4.798985,0.009346,1.303937,0.676294,5.392735,5.260839,0.009357,1.300750,0.679888,1.00e-04
356,1.000,1.000,5.006339,4.772773,0.009350,1.306704,0.676388,5.385598,5.252227,0.009361,1.300596,0.679255,1.00e-04
357,1.000,1.000,4.985502,4.750954,0.009354,1.303115,0.673816,5.369718,5.235114,0.009365,1.297797,0.679479,1.00e-04
358,1.000,1.000,4.983748,4.746504,0.009358,1.304883,0.675758,5.363558,5.222652,0.009369,1.302567,0.679438,1.00e-04
359,1.000,1.000,4.970283,4.729400,0.009362,1.304995,0.676386,5.359760,5.219525,0.009373,1.300889,0.679649,1.00e-04
360,1.000,1.000,4.952069,4.708681,0.009367,1.303577,0.673843,5.330686,5.186854,0.009377,1.297242,0.679541,1.00e-04
361,1.000,1.000,4.946458,4.706148,0.009370,1.299351,0.672817,5.320856,5.175563,0.009381,1.296339,0.679145,1.00e-04
362,1.000,1.000,4.929999,4.684248,0.009373,1.300177,0.674797,5.309469,5.164842,0.009385,1.292867,0.678971,1.00e-04
363,1.000,1.000,4.919593,4.672655,0.009378,1.298427,0.676126,5.295291,5.147108,0.009388,1.292783,0.679335,1.00e-04
364,1.000,1.000,4.908591,4.660873,0.009381,1.296627,0.675429,5.305102,5.160696,0.009392,1.291541,0.678992,1.00e-04
365,1.000,1.000,4.905933,4.656242,0.009386,1.298193,0.674381,5.279404,5.126501,0.009396,1.293552,0.679221,1.00e-04
366,1.000,1.000,4.893934,4.638757,0.009390,1.301148,0.672490,5.263395,5.104450,0.009400,1.295635,0.679038,1.00e-04
367,1.000,1.000,4.876919,4.621472,0.009393,1.297011,0.673092,5.248234,5.093017,0.009403,1.288079,0.679173,1.00e-04
368,1.000,1.000,4.858696,4.601129,0.009396,1.294680,0.672660,5.242573,5.084839,0.009407,1.289186,0.679140,1.00e-04
369,1.000,1.000,4.848179,4.591046,0.009401,1.291316,0.673848,5.230216,5.075783,0.009411,1.282834,0.678965,1.00e-04
370,1.000,1.000,4.834987,4.576011,0.009405,1.290317,0.672000,5.225265,5.064116,0.009416,1.288406,0.678574,1.00e-04
371,1.000,1.000,4.829270,4.565006,0.009409,1.293876,0.673186,5.200816,5.033937,0.009419,1.288095,0.678273,1.00e-04
372,1.000,1.000,4.815082,4.548428,0.009412,1.292125,0.675545,5.207644,5.044873,0.009423,1.285734,0.678094,1.00e-04
373,1.000,1.000,4.804123,4.535959,0.009417,1.291107,0.674678,5.183713,5.017940,0.009427,1.282648,0.678500,1.00e-04
374,1.000,1.000,4.787798,4.518558,0.009421,1.289041,0.670914,5.181736,5.015752,0.009431,1.282463,0.678099,1.00e-04
375,1.000,1.000,4.782910,4.512798,0.009425,1.288138,0.673103,5.160654,4.988772,0.009435,1.283112,0.677993,1.00e-04
376,1.000,1.000,4.768871,4.493845,0.009428,1.289802,0.672056,5.178018,5.003501,0.009439,1.290138,0.677779,1.00e-04
377,1.000,1.000,4.768303,4.489887,0.009432,1.293228,0.671328,5.142824,4.964149,0.009442,1.285512,0.677707,1.00e-04
378,1.000,1.000,4.742287,4.462431,0.009436,1.288421,0.670282,5.136620,4.960243,0.009446,1.281680,0.677623,1.00e-04
379,1.000,1.000,4.740330,4.463241,0.009440,1.284454,0.673105,5.138084,4.961106,0.009450,1.282700,0.677396,1.00e-04
380,1.000,1.000,4.728821,4.447239,0.009443,1.286598,0.670978,5.101879,4.919258,0.009454,1.279281,0.677427,1.00e-04
381,1.000,1.000,4.709748,4.427070,0.009446,1.282786,0.671528,5.104458,4.923777,0.009457,1.278029,0.677234,1.00e-04
382,1.000,1.000,4.699380,4.412971,0.009451,1.284245,0.670231,5.098402,4.915782,0.009461,1.278517,0.676969,1.00e-04
383,1.000,1.000,4.689600,4.403589,0.009455,1.281147,0.671231,5.078236,4.893515,0.009465,1.275613,0.676806,1.00e-04
384,1.000,1.000,4.681916,4.391840,0.009458,1.283491,0.670419,5.083360,4.895477,0.009469,1.280037,0.676871,1.00e-04
385,1.000,1.000,4.674085,4.383016,0.009462,1.282526,0.670409,5.068412,4.882960,0.009472,1.273858,0.676899,1.00e-04
386,1.000,1.000,4.664891,4.376569,0.009465,1.278011,0.668272,5.058224,4.866676,0.009475,1.277522,0.676427,1.00e-04
387,1.000,1.000,4.646679,4.352489,0.009469,1.279170,0.668884,5.055480,4.866915,0.009479,1.273762,0.676777,1.00e-04
388,1.000,1.000,4.641449,4.346061,0.009472,1.278545,0.670929,5.065330,4.880469,0.009482,1.272558,0.676614,1.00e-04
389,1.000,1.000,4.625528,4.326471,0.009476,1.278565,0.669592,5.032066,4.838362,0.009486,1.273106,0.676511,1.00e-04
390,1.000,1.000,4.614571,4.316382,0.009480,1.274886,0.669863,5.011993,4.816173,0.009490,1.270193,0.676542,1.00e-04
391,1.000,1.000,4.609846,4.310306,0.009483,1.275020,0.669993,5.000537,4.802695,0.009493,1.269333,0.676603,1.00e-04
392,1.000,1.000,4.593548,4.290295,0.009487,1.274818,0.669340,5.004822,4.809165,0.009497,1.268295,0.676284,1.00e-04
393,1.000,1.000,4.594850,4.292130,0.009491,1.273037,0.675623,4.979419,4.774460,0.009500,1.271069,0.676982,1.00e-04
394,1.000,1.000,4.576666,4.266351,0.009494,1.276310,0.674709,4.969960,4.766590,0.009503,1.267254,0.676413,1.00e-04
395,1.000,1.000,4.570580,4.264125,0.009497,1.272406,0.668790,4.968220,4.765064,0.009507,1.266605,0.676396,1.00e-04
396,1.000,1.000,4.561837,4.252533,0.009500,1.272700,0.670252,4.955829,4.748184,0.009510,1.268105,0.675952,1.00e-04
397,1.000,1.000,4.553360,4.243991,0.009504,1.271324,0.667524,4.943789,4.733990,0.009513,1.267248,0.675942,1.00e-04
398,1.000,1.000,4.544634,4.235352,0.009507,1.268977,0.667827,4.929037,4.720050,0.009517,1.262809,0.675679,1.00e-04
399,1.000,1.000,4.521676,4.207248,0.009511,1.268429,0.667630,4.941222,4.732012,0.009521,1.266133,0.675445,1.00e-04
400,1.000,1.000,4.524274,4.206814,0.009515,1.272015,0.667993,4.921360,4.706116,0.009524,1.267142,0.675671,1.00e-04
401,1.000,1.000,4.510533,4.190633,0.009519,1.271356,0.666634,4.904479,4.687538,0.009527,1.264629,0.675611,1.00e-04
402,1.000,1.000,4.495908,4.176205,0.009521,1.266901,0.669029,4.894292,4.678488,0.009531,1.260978,0.675471,1.00e-04
403,1.000,1.000,4.482124,4.159953,0.009525,1.266487,0.666761,4.885572,4.664091,0.009534,1.264584,0.675021,1.00e-04
404,1.000,1.000,4.473385,4.146311,0.009529,1.269186,0.666820,4.880020,4.659443,0.009538,1.262365,0.674716,1.00e-04
405,1.000,1.000,4.470447,4.144612,0.009532,1.266663,0.669007,4.874274,4.655322,0.009542,1.259317,0.674645,1.00e-04
406,1.000,1.000,4.464914,4.143260,0.009536,1.262065,0.665125,4.859807,4.635170,0.009545,1.261349,0.674776,1.00e-04
407,1.000,1.000,4.443246,4.112161,0.009539,1.265215,0.668569,4.844617,4.618126,0.009549,1.259420,0.674705,1.00e-04
408,1.000,1.000,4.438345,4.107703,0.009543,1.264526,0.664639,4.845447,4.618144,0.009553,1.260500,0.674448,1.00e-04
409,1.000,1.000,4.429831,4.099046,0.009546,1.262651,0.664185,4.816145,4.582416,0.009556,1.259590,0.674476,1.00e-04
410,1.000,1.000,4.411676,4.076527,0.009549,1.262265,0.665015,4.822814,4.595303,0.009559,1.255059,0.674385,1.00e-04
411,1.000,1.000,4.402963,4.067683,0.009553,1.259803,0.666658,4.804183,4.570329,0.009563,1.256819,0.674067,1.00e-04
412,1.000,1.000,4.396104,4.060238,0.009557,1.259534,0.663207,4.798071,4.564495,0.009566,1.255052,0.673897,1.00e-04
413,1.000,1.000,4.383118,4.040978,0.009560,1.262276,0.664335,4.791555,4.554248,0.009570,1.257121,0.674021,1.00e-04
414,1.000,1.000,4.377934,4.038919,0.009564,1.257720,0.664859,4.779402,4.544310,0.009573,1.251861,0.674029,1.00e-04
415,1.000,1.000,4.362028,4.017218,0.009568,1.260157,0.662365,4.770858,4.528321,0.009577,1.257176,0.673995,1.00e-04
416,1.000,1.000,4.349760,4.003538,0.009571,1.258106,0.663944,4.763335,4.526681,0.009580,1.249446,0.673845,1.00e-04
417,1.000,1.000,4.349072,4.006066,0.009574,1.255036,0.662657,4.740311,4.498781,0.009584,1.248551,0.673893,1.00e-04
418,1.000,1.000,4.347176,4.003264,0.009578,1.254800,0.665312,4.750416,4.507737,0.009587,1.252246,0.673800,1.00e-04
419,1.000,1.000,4.319817,3.969305,0.009581,1.255269,0.662468,4.731055,4.484319,0.009590,1.251554,0.673426,1.00e-04
420,1.000,1.000,4.317859,3.968399,0.009584,1.253952,0.661555,4.717922,4.471025,0.009593,1.248480,0.673215,1.00e-04
421,1.000,1.000,4.311340,3.962937,0.009587,1.251517,0.660533,4.704917,4.456638,0.009596,1.246649,0.673051,1.00e-04
422,1.000,1.000,4.297546,3.943848,0.009590,1.252152,0.665367,4.693224,4.440152,0.009600,1.248596,0.672731,1.00e-04
423,1.000,1.000,4.289828,3.931600,0.009594,1.255332,0.663037,4.702932,4.450745,0.009603,1.250131,0.672746,1.00e-04
424,1.000,1.000,4.283814,3.924749,0.009598,1.254927,0.661978,4.676377,4.418098,0.009606,1.249541,0.672904,1.00e-04
425,1.000,1.000,4.270792,3.910766,0.009601,1.252573,0.662199,4.684128,4.427479,0.009610,1.249862,0.672840,1.00e-04
426,1.000,1.000,4.271898,3.912607,0.009604,1.252265,0.661582,4.672218,4.415263,0.009613,1.247307,0.672353,1.00e-04
427,1.000,1.000,4.250639,3.888219,0.009607,1.250023,0.661800,4.660129,4.402382,0.009616,1.245118,0.672178,1.00e-04
428,1.000,1.000,4.241195,3.876587,0.009610,1.249778,0.662077,4.647893,4.387183,0.009619,1.245010,0.672215,1.00e-04
429,1.000,1.000,4.244516,3.882589,0.009614,1.248329,0.660451,4.634270,4.371368,0.009623,1.243738,0.672436,1.00e-04
430,1.000,1.000,4.219039,3.854457,0.009617,1.244838,0.659545,4.624539,4.362727,0.009626,1.240288,0.672130,1.00e-04
431,1.000,1.000,4.207318,3.838846,0.009620,1.245492,0.660758,4.642335,4.380464,0.009629,1.244855,0.671886,1.00e-04
432,1.000,1.000,4.202156,3.833463,0.009623,1.244883,0.658902,4.606010,4.340555,0.009632,1.239421,0.671621,1.00e-04
433,1.000,1.000,4.195838,3.827051,0.009626,1.243047,0.660294,4.604602,4.337071,0.009635,1.241118,0.671715,1.00e-04
434,1.000,1.000,4.182112,3.809127,0.009629,1.244048,0.659343,4.588145,4.319037,0.009638,1.238618,0.671552,1.00e-04
435,1.000,1.000,4.175437,3.804578,0.009632,1.240172,0.659656,4.592351,4.327924,0.009641,1.235038,0.671346,1.00e-04
436,1.000,1.000,4.163195,3.792047,0.009635,1.237927,0.657537,4.576246,4.306320,0.009644,1.236494,0.671402,1.00e-04
437,1.000,1.000,4.156537,3.783038,0.009638,1.238535,0.657839,4.560382,4.290213,0.009647,1.232741,0.671508,1.00e-04
438,1.000,1.000,4.146799,3.771385,0.009641,1.237948,0.658096,4.550297,4.275853,0.009650,1.234579,0.671160,1.00e-04
439,1.000,1.000,4.139251,3.762855,0.009644,1.237742,0.655289,4.562335,4.293638,0.009653,1.231892,0.670944,1.00e-04
440,1.000,1.000,4.125783,3.749035,0.009648,1.234131,0.657658,4.546243,4.271920,0.009656,1.233592,0.670538,1.00e-04
441,1.000,1.000,4.117587,3.738828,0.009650,1.234198,0.657233,4.521106,4.246551,0.009659,1.227542,0.670520,1.00e-04
442,1.000,1.000,4.112255,3.734829,0.009654,1.232393,0.653767,4.518041,4.239939,0.009662,1.230399,0.670202,1.00e-04
443,1.000,1.000,4.091018,3.705670,0.009657,1.234759,0.654745,4.516231,4.238457,0.009665,1.229727,0.669757,1.00e-04
444,1.000,1.000,4.087386,3.703770,0.009659,1.232572,0.652924,4.499383,4.222588,0.009668,1.224605,0.669474,1.00e-04
445,1.000,1.000,4.084797,3.704497,0.009662,1.227583,0.657021,4.483673,4.202376,0.009671,1.225126,0.669675,1.00e-04
446,1.000,1.000,4.077788,3.690865,0.009665,1.232480,0.656899,4.486802,4.204871,0.009674,1.226639,0.669275,1.00e-04
447,1.000,1.000,4.057186,3.671919,0.009668,1.226494,0.653607,4.482101,4.205170,0.009677,1.220432,0.669388,1.00e-04
448,1.000,1.000,4.051853,3.664902,0.009671,1.226646,0.654385,4.470432,4.187140,0.009680,1.223970,0.669001,1.00e-04
449,1.000,1.000,4.045229,3.657134,0.009674,1.225894,0.655337,4.449900,4.165225,0.009683,1.220127,0.669357,1.00e-04
450,1.000,1.000,4.035100,3.646749,0.009678,1.224359,0.652353,4.445166,4.159044,0.009686,1.220427,0.669201,1.00e-04
451,1.000,1.000,4.026057,3.634903,0.009681,1.224678,0.653236,4.431429,4.141115,0.009689,1.221339,0.668571,1.00e-04
452,1.000,1.000,4.011324,3.615537,0.009684,1.226253,0.650724,4.429007,4.140214,0.009692,1.219339,0.668058,1.00e-04
453,1.000,1.000,4.002704,3.610112,0.009687,1.220472,0.652439,4.404368,4.113442,0.009695,1.215287,0.668143,1.00e-04
454,1.000,1.000,3.992430,3.595884,0.009690,1.221450,0.654054,4.407089,4.115959,0.009698,1.216291,0.667654,1.00e-04
455,1.000,1.000,3.980435,3.584104,0.009693,1.219432,0.649257,4.403534,4.112813,0.009701,1.215100,0.667213,1.00e-04
456,1.000,1.000,3.978186,3.584423,0.009696,1.216480,0.648532,4.394359,4.100468,0.009704,1.215908,0.667477,1.00e-04
457,1.000,1.000,3.963722,3.562774,0.009698,1.219523,0.650630,4.388738,4.091771,0.009706,1.217643,0.667205,1.00e-04
458,1.000,1.000,3.962792,3.564962,0.009701,1.216293,0.650138,4.380974,4.087541,0.009709,1.212166,0.667202,1.00e-04
459,1.000,1.000,3.952091,3.551510,0.009704,1.217046,0.647412,4.367389,4.069875,0.009712,1.212894,0.667025,1.00e-04
460,1.000,1.000,3.941066,3.538762,0.009707,1.215274,0.650357,4.353029,4.056520,0.009715,1.208297,0.667018,1.00e-04
461,1.000,1.000,3.922164,3.517628,0.009710,1.213344,0.648092,4.337862,4.037802,0.009718,1.208170,0.666552,1.00e-04
462,1.000,1.000,3.916107,3.513713,0.009712,1.209931,0.647112,4.331675,4.032655,0.009721,1.205520,0.666792,1.00e-04
463,1.000,1.000,3.911981,3.510427,0.009716,1.208923,0.643637,4.328002,4.027380,0.009724,1.206368,0.666124,1.00e-04
464,1.000,1.000,3.894505,3.487102,0.009719,1.209707,0.646414,4.312594,4.010023,0.009727,1.204583,0.665640,1.00e-04
465,1.000,1.000,3.890888,3.485586,0.009722,1.206904,0.645587,4.312112,4.011791,0.009730,1.202300,0.665277,1.00e-04
466,1.000,1.000,3.892381,3.488579,0.009724,1.206149,0.644099,4.300907,3.996618,0.009733,1.203553,0.664918,1.00e-04
467,1.000,1.000,3.880895,3.471748,0.009728,1.208406,0.644950,4.300019,3.992941,0.009736,1.206126,0.664886,1.00e-04
468,1.000,1.000,3.874859,3.466706,0.009731,1.206090,0.644189,4.280938,3.973890,0.009738,1.201283,0.665043,1.00e-04
469,1.000,1.000,3.862346,3.453622,0.009733,1.203442,0.644539,4.267133,3.957351,0.009741,1.200701,0.664493,1.00e-04
470,1.000,1.000,3.849879,3.438750,0.009736,1.203218,0.642579,4.255788,3.944968,0.009744,1.198883,0.664564,1.00e-04
471,1.000,1.000,3.838800,3.425452,0.009739,1.202350,0.643834,4.256733,3.945076,0.009746,1.200020,0.664297,1.00e-04
472,1.000,1.000,3.844428,3.432877,0.009742,1.203039,0.639506,4.248814,3.937024,0.009749,1.198267,0.663912,1.00e-04
473,1.000,1.000,3.832279,3.418372,0.009745,1.200541,0.646765,4.238826,3.924455,0.009752,1.198369,0.663824,1.00e-04
474,1.000,1.000,3.817354,3.399253,0.009747,1.201613,0.644316,4.245583,3.934822,0.009755,1.196388,0.664055,1.00e-04
475,1.000,1.000,3.809062,3.395879,0.009750,1.195849,0.639398,4.227310,3.918309,0.009757,1.190268,0.663208,1.00e-04
476,1.000,1.000,3.796990,3.384714,0.009753,1.192536,0.636940,4.202578,3.889747,0.009760,1.187958,0.663027,1.00e-04
477,1.000,1.000,3.791834,3.377443,0.009755,1.192878,0.638865,4.203067,3.889217,0.009762,1.189221,0.662534,1.00e-04
478,1.000,1.000,3.777743,3.361139,0.009758,1.192482,0.635202,4.190864,3.876257,0.009765,1.187003,0.662218,1.00e-04
479,1.000,1.000,3.767819,3.349949,0.009760,1.191078,0.635948,4.194742,3.879124,0.009768,1.189085,0.661802,1.00e-04
480,1.000,1.000,3.767613,3.348771,0.009763,1.192331,0.634604,4.170361,3.848836,0.009770,1.188926,0.661680,1.00e-04
481,1.000,1.000,3.751429,3.329038,0.009766,1.191678,0.635216,4.164329,3.844188,0.009773,1.186106,0.661371,1.00e-04
482,1.000,1.000,3.742151,3.323284,0.009768,1.185223,0.637649,4.157577,3.837814,0.009776,1.184079,0.661209,1.00e-04
483,1.000,1.000,3.733586,3.311934,0.009772,1.187336,0.631768,4.145922,3.822706,0.009779,1.184481,0.661742,1.00e-04
484,1.000,1.000,3.733665,3.309998,0.009774,1.187655,0.638613,4.128534,3.801584,0.009782,1.183790,0.662051,1.00e-04
485,1.000,1.000,3.719081,3.296207,0.009777,1.184545,0.633286,4.123902,3.803195,0.009784,1.176729,0.660678,1.00e-04
486,1.000,1.000,3.717095,3.295007,0.009780,1.183702,0.631521,4.118201,3.789660,0.009787,1.183285,0.660076,1.00e-04
487,1.000,1.000,3.694313,3.263567,0.009782,1.186093,0.633791,4.112501,3.785916,0.009789,1.179577,0.661374,1.00e-04
488,1.000,1.000,3.698432,3.275380,0.009784,1.180329,0.630187,4.102843,3.776892,0.009792,1.176902,0.659870,1.00e-04
489,1.000,1.000,3.675958,3.246561,0.009787,1.181279,0.629285,4.094763,3.767055,0.009794,1.176684,0.659683,1.00e-04
490,1.000,1.000,3.665181,3.235326,0.009789,1.179389,0.627891,4.082551,3.753614,0.009797,1.175108,0.658681,1.00e-04
491,1.000,1.000,3.664159,3.233603,0.009792,1.179619,0.628734,4.070195,3.740248,0.009799,1.172996,0.658802,1.00e-04
492,1.000,1.000,3.662025,3.233197,0.009796,1.178036,0.626013,4.060904,3.726293,0.009802,1.175334,0.658809,1.00e-04
493,1.000,1.000,3.650904,3.218052,0.009797,1.179141,0.626556,4.061917,3.728584,0.009804,1.174467,0.658166,1.00e-04
494,1.000,1.000,3.638376,3.204179,0.009800,1.177423,0.626270,4.048753,3.715308,0.009807,1.171559,0.657072,1.00e-04
495,1.000,1.000,3.632662,3.200172,0.009802,1.174335,0.626071,4.044748,3.707403,0.009809,1.174309,0.657650,1.00e-04
496,1.000,1.000,3.622354,3.182544,0.009805,1.179805,0.623153,4.037859,3.699962,0.009812,1.173231,0.657275,1.00e-04
497,1.000,1.000,3.612007,3.175820,0.009808,1.173500,0.623523,4.018453,3.680038,0.009815,1.169147,0.656265,1.00e-04
498,1.000,1.000,3.607959,3.171608,0.009811,1.173065,0.621857,4.014975,3.675619,0.009818,1.169372,0.655643,1.00e-04
499,1.000,1.000,3.599766,3.163706,0.009813,1.171758,0.617720,4.007360,3.666828,0.009820,1.168714,0.655352,1.00e-04
500,1.000,1.000,3.592406,3.155280,0.009815,1.170953,0.617839,4.006575,3.667912,0.009822,1.166615,0.655477,1.00e-04
501,1.000,1.000,3.586107,3.146545,0.009817,1.171496,0.619105,4.001412,3.660253,0.009824,1.167965,0.654890,1.00e-04
502,1.000,1.000,3.579475,3.141765,0.009820,1.168040,0.618876,3.985170,3.641531,0.009827,1.166395,0.654838,1.00e-04
503,1.000,1.000,3.563339,3.119681,0.009822,1.170959,0.614848,3.987650,3.644079,0.009829,1.167089,0.654262,1.00e-04
504,1.000,1.000,3.562859,3.121102,0.009825,1.169803,0.611374,3.976555,3.630216,0.009831,1.167145,0.654009,1.00e-04
505,1.000,1.000,3.556050,3.114028,0.009827,1.167979,0.612915,3.959582,3.612466,0.009833,1.164008,0.652680,1.00e-04
506,1.000,1.000,3.543538,3.096415,0.009829,1.168256,0.619689,3.950988,3.598894,0.009835,1.166339,0.654670,1.00e-04
507,1.000,1.000,3.532340,3.086121,0.009831,1.167071,0.609605,3.938440,3.588256,0.009838,1.161868,0.652349,1.00e-04
508,1.000,1.000,3.529455,3.086436,0.009834,1.164138,0.605643,3.931339,3.577733,0.009840,1.164021,0.650318,1.00e-04
509,1.000,1.000,3.518021,3.069405,0.009837,1.166864,0.605685,3.938183,3.587306,0.009843,1.163152,0.649713,1.00e-04
510,1.000,1.000,3.507391,3.059287,0.009838,1.163683,0.605720,3.921191,3.569971,0.009845,1.159404,0.649076,1.00e-04
511,1.000,1.000,3.511916,3.065640,0.009841,1.162941,0.605893,3.910275,3.556772,0.009847,1.158660,0.650260,1.00e-04
512,1.000,1.000,3.497217,3.051371,0.009844,1.160437,0.599480,3.901834,3.548083,0.009850,1.157107,0.649012,1.00e-04
513,1.000,1.000,3.488065,3.038641,0.009846,1.161668,0.599702,3.901199,3.545351,0.009853,1.159022,0.649094,1.00e-04
514,1.000,1.000,3.482801,3.031680,0.009849,1.159958,0.608059,3.891024,3.534363,0.009855,1.157674,0.647548,1.00e-04
515,1.000,1.000,3.477902,3.027560,0.009851,1.161230,0.594950,3.878461,3.519480,0.009857,1.156710,0.648120,1.00e-04
516,1.000,1.000,3.467619,3.015772,0.009853,1.159936,0.595852,3.876746,3.513832,0.009859,1.160404,0.647350,1.00e-04
517,1.000,1.000,3.449776,2.992999,0.009856,1.160613,0.595009,3.858762,3.496182,0.009861,1.155633,0.647102,1.00e-04
518,1.000,1.000,3.446460,2.992755,0.009858,1.157729,0.590930,3.853256,3.490642,0.009864,1.154656,0.645632,1.00e-04
519,1.000,1.000,3.437758,2.981174,0.009860,1.158601,0.590246,3.849404,3.483933,0.009867,1.156670,0.645139,1.00e-04
520,1.000,1.000,3.430841,2.973893,0.009863,1.158262,0.586134,3.847305,3.486757,0.009869,1.151452,0.644211,1.00e-04
521,1.000,1.000,3.423563,2.968753,0.009865,1.155083,0.583013,3.834825,3.471847,0.009872,1.150923,0.643558,1.00e-04
522,1.000,1.000,3.416847,2.961946,0.009868,1.154498,0.578983,3.816213,3.449826,0.009874,1.149796,0.643075,1.00e-04
523,1.000,1.000,3.411884,2.954891,0.009870,1.154594,0.581997,3.819740,3.449845,0.009876,1.154549,0.641622,1.00e-04
524,1.000,1.000,3.406528,2.947128,0.009873,1.155907,0.581011,3.819247,3.455763,0.009879,1.148044,0.641494,1.00e-04
525,1.000,1.000,3.397603,2.940012,0.009875,1.150740,0.585508,3.798093,3.427842,0.009881,1.149858,0.640144,1.00e-04
526,1.000,1.000,3.393164,2.935829,0.009877,1.153847,0.567611,3.799535,3.426328,0.009883,1.153047,0.640646,1.00e-04
527,1.000,1.000,3.378647,2.917761,0.009879,1.152962,0.570827,3.783227,3.414098,0.009885,1.145298,0.639010,1.00e-04
528,1.000,1.000,3.371650,2.912222,0.009881,1.150771,0.566753,3.777694,3.404324,0.009887,1.148499,0.637630,1.00e-04
529,1.000,1.000,3.362886,2.902869,0.009884,1.149755,0.564400,3.775237,3.402373,0.009890,1.147496,0.637149,1.00e-04
530,1.000,1.000,3.356199,2.896207,0.009886,1.148470,0.562740,3.764938,3.392057,0.009892,1.145065,0.636632,1.00e-04
531,1.000,1.000,3.346628,2.883477,0.009888,1.149095,0.563301,3.762087,3.389498,0.009894,1.143997,0.636879,1.00e-04
532,1.000,1.000,3.343621,2.884378,0.009890,1.144947,0.561245,3.747400,3.370415,0.009896,1.145237,0.634808,1.00e-04
533,1.000,1.000,3.328666,2.864565,0.009893,1.148544,0.551325,3.743577,3.364541,0.009899,1.145914,0.636471,1.00e-04
534,1.000,1.000,3.325805,2.863654,0.009894,1.145978,0.550918,3.731018,3.353677,0.009901,1.141928,0.633063,1.00e-04
535,1.000,1.000,3.311615,2.848510,0.009897,1.145016,0.544380,3.728321,3.349902,0.009904,1.142615,0.631919,1.00e-04
536,1.000,1.000,3.308103,2.848290,0.009900,1.142237,0.538806,3.720897,3.343003,0.009906,1.140400,0.631247,1.00e-04
537,1.000,1.000,3.296902,2.830259,0.009902,1.145978,0.539956,3.715712,3.336229,0.009908,1.141120,0.629528,1.00e-04
538,1.000,1.000,3.298941,2.836515,0.009904,1.141718,0.542158,3.702060,3.319923,0.009910,1.140706,0.628142,1.00e-04
539,1.000,1.000,3.290986,2.828032,0.009906,1.143366,0.529718,3.691312,3.306078,0.009911,1.141001,0.628601,1.00e-04
540,1.000,1.000,3.279697,2.814197,0.009908,1.142169,0.533392,3.685099,3.300375,0.009913,1.139462,0.626494,1.00e-04
541,1.000,1.000,3.270518,2.805229,0.009910,1.141759,0.524999,3.677866,3.296250,0.009915,1.134996,0.624687,1.00e-04
542,1.000,1.000,3.260467,2.797324,0.009912,1.137867,0.521927,3.665396,3.279800,0.009917,1.136255,0.623090,1.00e-04
543,1.000,1.000,3.252467,2.786357,0.009914,1.140687,0.514503,3.664353,3.276814,0.009919,1.137490,0.624869,1.00e-04
544,1.000,1.000,3.245153,2.779382,0.009916,1.140535,0.506431,3.664247,3.277969,0.009921,1.137082,0.621344,1.00e-04
545,1.000,1.000,3.245024,2.780480,0.009918,1.139059,0.507293,3.647113,3.258811,0.009923,1.135024,0.620533,1.00e-04
546,1.000,1.000,3.233828,2.768736,0.009920,1.137060,0.506279,3.640248,3.249786,0.009925,1.135616,0.619927,1.00e-04
547,1.000,1.000,3.230677,2.765477,0.009922,1.138456,0.497965,3.632773,3.242318,0.009928,1.134016,0.618817,1.00e-04
548,1.000,1.000,3.211897,2.746167,0.009925,1.136988,0.487168,3.618190,3.222374,0.009930,1.135421,0.620051,1.00e-04
549,1.000,1.000,3.199110,2.731243,0.009927,1.136544,0.484693,3.617586,3.225372,0.009932,1.133226,0.613804,1.00e-04
550,1.000,1.000,3.193381,2.727305,0.009929,1.136239,0.473013,3.614462,3.217852,0.009934,1.134229,0.624253,1.00e-04
551,1.000,1.000,3.191167,2.728169,0.009931,1.133641,0.468871,3.594065,3.205074,0.009936,1.124502,0.612276,1.00e-04
552,1.000,1.000,3.185135,2.720750,0.009933,1.131419,0.477266,3.591265,3.195971,0.009938,1.130396,0.611107,1.00e-04
553,1.000,1.000,3.177633,2.714604,0.009935,1.133672,0.455323,3.593535,3.197191,0.009940,1.131913,0.611497,1.00e-04
554,1.000,1.000,3.167145,2.703406,0.009936,1.133787,0.447209,3.563684,3.167768,0.009942,1.125005,0.607560,1.00e-04
555,1.000,1.000,3.167721,2.701263,0.009939,1.131485,0.467857,3.567670,3.166887,0.009944,1.129735,0.612086,1.00e-04
556,1.000,1.000,3.152744,2.690089,0.009941,1.130553,0.441389,3.564065,3.165522,0.009947,1.128623,0.603959,1.00e-04
557,1.000,1.000,3.148659,2.686359,0.009943,1.133189,0.425329,3.564679,3.162735,0.009949,1.131394,0.607085,1.00e-04
558,1.000,1.000,3.135977,2.672633,0.009945,1.133245,0.416594,3.552026,3.151765,0.009950,1.127953,0.601458,1.00e-04
559,1.000,1.000,3.132121,2.673137,0.009947,1.129453,0.410457,3.564693,3.156694,0.009952,1.132672,0.626195,1.00e-04
560,1.000,1.000,3.125631,2.667758,0.009949,1.127842,0.405960,3.547226,3.152488,0.009954,1.121954,0.598543,1.00e-04
561,1.000,1.000,3.110807,2.654051,0.009950,1.127282,0.388902,3.557925,3.146788,0.009956,1.134012,0.626600,1.00e-04
562,1.000,1.000,3.111766,2.647778,0.009952,1.129695,0.409129,3.504606,3.101936,0.009958,1.119966,0.595589,1.00e-04
563,1.000,1.000,3.106132,2.647067,0.009954,1.126277,0.397466,3.511498,3.109344,0.009960,1.121594,0.593901,1.00e-04
564,1.000,1.000,3.098121,2.638294,0.009956,1.127557,0.387380,3.514022,3.106956,0.009961,1.125960,0.598602,1.00e-04
565,1.000,1.000,3.082860,2.621061,0.009958,1.128351,0.376823,3.500161,3.091907,0.009963,1.123516,0.599262,1.00e-04
566,1.000,1.000,3.076820,2.619200,0.009959,1.125976,0.363557,3.503339,3.095424,0.009965,1.125849,0.591747,1.00e-04
567,1.000,1.000,3.071144,2.611549,0.009961,1.127879,0.358160,3.489701,3.080773,0.009966,1.123730,0.590625,1.00e-04
568,1.000,1.000,3.072150,2.611209,0.009963,1.126983,0.368130,3.479298,3.070295,0.009968,1.120236,0.594494,1.00e-04
569,1.000,1.000,3.063933,2.608241,0.009965,1.122645,0.356261,3.481002,3.072087,0.009970,1.120875,0.593288,1.00e-04
570,1.000,1.000,3.051972,2.593705,0.009966,1.127015,0.337114,3.471622,3.054695,0.009971,1.125456,0.597620,1.00e-04
571,1.000,1.000,3.045497,2.591568,0.009968,1.124856,0.321912,3.469890,3.051408,0.009973,1.124391,0.606358,1.00e-04
572,1.000,1.000,3.041207,2.582628,0.009970,1.123974,0.339749,3.444107,3.030964,0.009975,1.116663,0.590128,1.00e-04
573,1.000,1.000,3.032167,2.579156,0.009972,1.121235,0.319385,3.463176,3.045125,0.009977,1.120146,0.614890,1.00e-04
574,1.000,1.000,3.021706,2.567806,0.009974,1.120999,0.313417,3.435540,3.020805,0.009979,1.117503,0.584551,1.00e-04
575,1.000,1.000,3.015027,2.564389,0.009975,1.121865,0.290216,3.446082,3.021871,0.009981,1.123661,0.608359,1.00e-04
576,1.000,1.000,3.006861,2.552795,0.009977,1.122194,0.294439,3.435467,3.013462,0.009982,1.119242,0.606589,1.00e-04
577,1.000,1.000,2.998344,2.551274,0.009979,1.117560,0.276468,3.423853,3.001655,0.009984,1.118347,0.599318,1.00e-04
578,1.000,1.000,2.991524,2.539906,0.009981,1.121133,0.273539,3.418375,2.999246,0.009986,1.117023,0.586859,1.00e-04
579,1.000,1.000,2.983753,2.534937,0.009983,1.120656,0.256460,3.421284,2.989077,0.009988,1.120667,0.627494,1.00e-04
580,1.000,1.000,2.976877,2.525258,0.009985,1.120652,0.260807,3.408458,2.986393,0.009989,1.115351,0.595360,1.00e-04
581,1.000,1.000,2.969053,2.519566,0.009986,1.118950,0.251257,3.389806,2.964676,0.009991,1.114887,0.590813,1.00e-04
582,1.000,1.000,2.963153,2.515558,0.009987,1.118162,0.240932,3.424700,2.985191,0.009992,1.120313,0.661514,1.00e-04
583,1.000,1.000,2.955251,2.506956,0.009989,1.116948,0.240682,3.392953,2.959542,0.009994,1.116732,0.619692,1.00e-04
584,1.000,1.000,2.948796,2.501068,0.009991,1.116957,0.231922,3.375827,2.944572,0.009996,1.114835,0.601522,1.00e-04
585,1.000,1.000,2.942570,2.496384,0.009993,1.116988,0.219394,3.395926,2.957288,0.009997,1.118882,0.634964,1.00e-04
586,1.000,1.000,2.936617,2.488848,0.009994,1.116275,0.222614,3.367538,2.935749,0.009999,1.115358,0.593263,1.00e-04
587,1.000,1.000,2.930893,2.487430,0.009996,1.115554,0.202543,3.352615,2.922940,0.010001,1.109672,0.592622,1.00e-04
588,1.000,1.000,2.919511,2.470169,0.009998,1.114597,0.218500,3.350651,2.918634,0.010003,1.111398,0.593114,1.00e-04
589,1.000,1.000,2.912198,2.466844,0.010000,1.114290,0.196456,3.353116,2.915557,0.010004,1.112346,0.613949,1.00e-04
590,1.000,1.000,2.897513,2.451914,0.010001,1.111958,0.192073,3.336721,2.895906,0.010006,1.108797,0.624766,1.00e-04
591,1.000,1.000,2.901581,2.463405,0.010003,1.109195,0.177493,3.324411,2.888347,0.010008,1.107328,0.599328,1.00e-04
592,1.000,1.000,2.889116,2.443906,0.010005,1.110149,0.189340,3.334480,2.898902,0.010009,1.108593,0.602384,1.00e-04
593,1.000,1.000,2.887088,2.444772,0.010006,1.110209,0.175491,3.315890,2.873444,0.010011,1.107889,0.614073,1.00e-04
594,1.000,1.000,2.880597,2.438419,0.010008,1.108222,0.176391,3.309792,2.871529,0.010013,1.104320,0.605516,1.00e-04
595,1.000,1.000,2.868078,2.423104,0.010010,1.108228,0.175022,3.315930,2.871852,0.010015,1.106685,0.625442,1.00e-04
596,1.000,1.000,2.862896,2.422717,0.010011,1.106600,0.157165,3.300544,2.859987,0.010016,1.102760,0.611668,1.00e-04
597,1.000,1.000,2.852008,2.408556,0.010013,1.106273,0.160673,3.281405,2.837213,0.010018,1.100786,0.614957,1.00e-04
598,1.000,1.000,2.854541,2.413544,0.010015,1.104589,0.160116,3.281343,2.837054,0.010019,1.100965,0.614558,1.00e-04
599,1.000,1.000,2.842064,2.401882,0.010016,1.106056,0.138500,3.287940,2.838606,0.010021,1.104735,0.626252,1.00e-04
600,1.000,1.000,2.830651,2.387498,0.010018,1.104134,0.146651,3.271459,2.826050,0.010023,1.097470,0.623121,1.00e-04
601,1.000,1.000,2.829632,2.392569,0.010020,1.101684,0.131066,3.267860,2.818654,0.010025,1.100056,0.624363,1.00e-04
602,1.000,1.000,2.814875,2.371939,0.010021,1.102450,0.136733,3.257505,2.805547,0.010026,1.098779,0.630118,1.00e-04
603,1.000,1.000,2.812007,2.369796,0.010023,1.099823,0.141468,3.250962,2.802495,0.010028,1.095615,0.622258,1.00e-04
604,1.000,1.000,2.805483,2.361383,0.010025,1.100965,0.137922,3.261457,2.809198,0.010029,1.099550,0.632177,1.00e-04
605,1.000,1.000,2.800667,2.359711,0.010026,1.100242,0.123418,3.237008,2.784341,0.010030,1.096574,0.621262,1.00e-04
606,1.000,1.000,2.794961,2.351149,0.010028,1.100273,0.129000,3.242344,2.783568,0.010032,1.099888,0.637768,1.00e-04
607,1.000,1.000,2.785021,2.340107,0.010029,1.101332,0.119231,3.230611,2.776040,0.010034,1.096641,0.622196,1.00e-04
608,1.000,1.000,2.776311,2.333389,0.010031,1.098057,0.115648,3.213003,2.759145,0.010035,1.091266,0.623230,1.00e-04
609,1.000,1.000,2.777920,2.338132,0.010033,1.096253,0.111928,3.219354,2.764184,0.010037,1.093268,0.626814,1.00e-04
610,1.000,1.000,2.767542,2.325037,0.010035,1.096816,0.110164,3.202857,2.740895,0.010039,1.093465,0.636685,1.00e-04
611,1.000,1.000,2.762485,2.317913,0.010036,1.097880,0.109106,3.207172,2.742797,0.010041,1.097763,0.633456,1.00e-04
612,1.000,1.000,2.758394,2.314630,0.010039,1.096931,0.105572,3.195332,2.728979,0.010043,1.093439,0.646814,1.00e-04
613,1.000,1.000,2.751553,2.309127,0.010040,1.094712,0.102250,3.210191,2.733957,0.010044,1.094627,0.696442,1.00e-04
614,1.000,1.000,2.745566,2.304234,0.010041,1.093293,0.097555,3.183311,2.716895,0.010046,1.091604,0.642380,1.00e-04
615,1.000,1.000,2.735605,2.289995,0.010043,1.094429,0.100156,3.179535,2.707884,0.010047,1.091756,0.658927,1.00e-04
616,1.000,1.000,2.732786,2.288259,0.010044,1.092249,0.101720,3.174877,2.708366,0.010049,1.089069,0.644449,1.00e-04
617,1.000,1.000,2.719802,2.271038,0.010046,1.093228,0.101761,3.168725,2.695391,0.010050,1.091910,0.654220,1.00e-04
618,1.000,1.000,2.713831,2.266813,0.010048,1.092276,0.092608,3.169305,2.690340,0.010052,1.090576,0.682652,1.00e-04
619,1.000,1.000,2.712292,2.265492,0.010049,1.091857,0.091863,3.153222,2.681741,0.010053,1.087247,0.649945,1.00e-04
620,1.000,1.000,2.706420,2.259816,0.010050,1.090337,0.091289,3.145687,2.672745,0.010054,1.087039,0.649084,1.00e-04
621,1.000,1.000,2.701180,2.250696,0.010051,1.091364,0.097457,3.147516,2.668733,0.010055,1.088732,0.667499,1.00e-04
622,1.000,1.000,2.698675,2.246447,0.010053,1.092295,0.098195,3.141117,2.666403,0.010057,1.087785,0.648601,1.00e-04
623,1.000,1.000,2.686992,2.235550,0.010054,1.089550,0.094342,3.129925,2.647761,0.010058,1.089300,0.661147,1.00e-04
624,1.000,1.000,2.681527,2.231557,0.010056,1.089573,0.082887,3.129708,2.647011,0.010060,1.086752,0.673241,1.00e-04
625,1.000,1.000,2.681077,2.232917,0.010058,1.088247,0.080498,3.111594,2.628372,0.010062,1.084433,0.666505,1.00e-04
626,1.000,1.000,2.668133,2.216750,0.010059,1.087342,0.084061,3.108981,2.624748,0.010063,1.083968,0.669788,1.00e-04
627,1.000,1.000,2.664881,2.210129,0.010061,1.087320,0.094362,3.120238,2.634212,0.010065,1.087154,0.675466,1.00e-04
628,1.000,1.000,2.660141,2.206110,0.010062,1.087835,0.084676,3.117798,2.627112,0.010066,1.086966,0.692414,1.00e-04
629,1.000,1.000,2.644801,2.188988,0.010063,1.086689,0.081040,3.102119,2.614948,0.010068,1.084948,0.670737,1.00e-04
630,1.000,1.000,2.644391,2.190195,0.010065,1.085269,0.079840,3.090280,2.599960,0.010069,1.083298,0.678095,1.00e-04
631,1.000,1.000,2.641509,2.187392,0.010066,1.085687,0.074965,3.091435,2.599937,0.010070,1.086019,0.673072,1.00e-04
632,1.000,1.000,2.638847,2.184237,0.010068,1.086035,0.072874,3.090598,2.587142,0.010072,1.085123,0.723642,1.00e-04
633,1.000,1.000,2.629602,2.171502,0.010069,1.085496,0.079743,3.082015,2.590534,0.010073,1.083351,0.674239,1.00e-04
634,1.000,1.000,2.626591,2.170584,0.010071,1.084177,0.073627,3.071641,2.576571,0.010075,1.082343,0.682249,1.00e-04
635,1.000,1.000,2.619946,2.163095,0.010072,1.083348,0.073671,3.061867,2.565135,0.010076,1.081088,0.684140,1.00e-04
636,1.000,1.000,2.613544,2.153586,0.010074,1.085129,0.072568,3.060417,2.561966,0.010078,1.083159,0.681268,1.00e-04
637,1.000,1.000,2.607525,2.147709,0.010076,1.082452,0.076682,3.053572,2.554628,0.010080,1.077840,0.697667,1.00e-04
638,1.000,1.000,2.609652,2.152112,0.010077,1.081190,0.074742,3.044003,2.539425,0.010081,1.081666,0.695328,1.00e-04
639,1.000,1.000,2.593358,2.129626,0.010079,1.083833,0.072637,3.041862,2.541227,0.010082,1.078121,0.691588,1.00e-04
640,1.000,1.000,2.588568,2.127388,0.010080,1.081041,0.068803,3.030951,2.528604,0.010083,1.078822,0.684718,1.00e-04
641,1.000,1.000,2.581642,2.117973,0.010081,1.081324,0.070700,3.022055,2.518463,0.010085,1.077849,0.684689,1.00e-04
642,1.000,1.000,2.577988,2.114026,0.010083,1.080570,0.071221,3.026652,2.524159,0.010087,1.076236,0.691332,1.00e-04
643,1.000,1.000,2.573756,2.113427,0.010085,1.077288,0.065582,3.012499,2.509206,0.010088,1.075286,0.684172,1.00e-04
644,1.000,1.000,2.563908,2.100644,0.010086,1.077493,0.066648,3.006983,2.502370,0.010090,1.075378,0.683564,1.00e-04
645,1.000,1.000,2.562659,2.099336,0.010087,1.077445,0.065823,2.998675,2.491681,0.010091,1.076031,0.682165,1.00e-04
646,1.000,1.000,2.555727,2.091044,0.010088,1.078237,0.061159,2.997303,2.482143,0.010092,1.077076,0.709270,1.00e-04
647,1.000,1.000,2.550974,2.084781,0.010090,1.078302,0.062178,2.992607,2.482114,0.010094,1.074962,0.694356,1.00e-04
648,1.000,1.000,2.550869,2.086431,0.010091,1.076150,0.063655,2.984603,2.473408,0.010095,1.074236,0.692061,1.00e-04
649,1.000,1.000,2.539752,2.071440,0.010093,1.077153,0.064018,2.981340,2.468633,0.010097,1.076809,0.684542,1.00e-04
650,1.000,1.000,2.531886,2.061643,0.010095,1.076528,0.066364,2.976323,2.459783,0.010098,1.072891,0.710530,1.00e-04
651,1.000,1.000,2.523186,2.056620,0.010096,1.072764,0.058012,2.959881,2.446120,0.010099,1.070641,0.691966,1.00e-04
652,1.000,1.000,2.523713,2.053372,0.010097,1.075553,0.062479,2.971331,2.451218,0.010101,1.074424,0.713683,1.00e-04
653,1.000,1.000,2.517610,2.046503,0.010099,1.075590,0.059284,2.952027,2.434448,0.010103,1.072704,0.691118,1.00e-04
654,1.000,1.000,2.511412,2.040535,0.010100,1.073627,0.060012,2.945694,2.426535,0.010104,1.070898,0.698320,1.00e-04
655,1.000,1.000,2.507814,2.037982,0.010101,1.072227,0.057828,2.950707,2.431336,0.010106,1.070850,0.704368,1.00e-04
656,1.000,1.000,2.501159,2.028156,0.010103,1.072965,0.060899,2.934692,2.410488,0.010107,1.070560,0.708838,1.00e-04
657,1.000,1.000,2.496623,2.023761,0.010104,1.072345,0.058275,2.933739,2.408011,0.010108,1.069786,0.717070,1.00e-04
658,1.000,1.000,2.491776,2.018988,0.010106,1.071436,0.056760,2.926383,2.400970,0.010110,1.069373,0.710103,1.00e-04
659,1.000,1.000,2.485143,2.011014,0.010107,1.071072,0.056945,2.928718,2.396661,0.010111,1.070146,0.735916,1.00e-04
660,1.000,1.000,2.480294,2.005378,0.010108,1.070652,0.056914,2.918709,2.394478,0.010112,1.067198,0.706394,1.00e-04
661,1.000,1.000,2.478143,2.005263,0.010110,1.068500,0.055223,2.910089,2.381776,0.010114,1.067912,0.711239,1.00e-04
662,1.000,1.000,2.464986,1.986882,0.010111,1.070754,0.053943,2.907360,2.376075,0.010115,1.067880,0.720522,1.00e-04
663,1.000,1.000,2.463892,1.986471,0.010113,1.069337,0.055778,2.894561,2.365388,0.010116,1.066504,0.704770,1.00e-04
664,1.000,1.000,2.461079,1.983886,0.010114,1.068916,0.053729,2.902043,2.372389,0.010117,1.067447,0.710403,1.00e-04
665,1.000,1.000,2.449366,1.970022,0.010115,1.068430,0.052563,2.885966,2.355877,0.010118,1.063924,0.710151,1.00e-04
666,1.000,1.000,2.447895,1.969677,0.010116,1.066317,0.055034,2.882248,2.350655,0.010120,1.063970,0.712257,1.00e-04
667,1.000,1.000,2.446265,1.968240,0.010118,1.067086,0.049547,2.878012,2.340166,0.010121,1.066487,0.722960,1.00e-04
668,1.000,1.000,2.442448,1.960314,0.010119,1.069364,0.053054,2.874188,2.335575,0.010122,1.067174,0.719456,1.00e-04
669,1.000,1.000,2.433243,1.951378,0.010120,1.067293,0.051050,2.863767,2.326204,0.010124,1.064416,0.715865,1.00e-04
670,1.000,1.000,2.430500,1.950435,0.010122,1.065844,0.046897,2.863919,2.318117,0.010125,1.064834,0.747292,1.00e-04
671,1.000,1.000,2.428633,1.945432,0.010123,1.067070,0.052666,2.850807,2.310283,0.010126,1.063983,0.716463,1.00e-04
672,1.000,1.000,2.420198,1.935489,0.010124,1.066096,0.054153,2.859912,2.310517,0.010128,1.064674,0.758285,1.00e-04
673,1.000,1.000,2.415436,1.931769,0.010125,1.065298,0.048412,2.852470,2.311572,0.010129,1.061844,0.728168,1.00e-04
674,1.000,1.000,2.407697,1.923018,0.010127,1.063199,0.053111,2.838155,2.290824,0.010130,1.061553,0.740742,1.00e-04
675,1.000,1.000,2.406070,1.921558,0.010128,1.063663,0.048950,2.843537,2.298027,0.010131,1.063151,0.732451,1.00e-04
676,1.000,1.000,2.397539,1.910840,0.010129,1.063566,0.049555,2.824786,2.279415,0.010133,1.059548,0.727546,1.00e-04
677,1.000,1.000,2.399845,1.916195,0.010131,1.061920,0.046243,2.833171,2.282265,0.010135,1.062021,0.748173,1.00e-04
678,1.000,1.000,2.387713,1.899608,0.010132,1.063025,0.047505,2.816217,2.269695,0.010136,1.059243,0.724792,1.00e-04
679,1.000,1.000,2.384622,1.898173,0.010133,1.060889,0.046333,2.811331,2.260134,0.010137,1.059921,0.735888,1.00e-04
680,1.000,1.000,2.379412,1.890135,0.010135,1.062791,0.044818,2.800482,2.248676,0.010138,1.060212,0.726305,1.00e-04
681,1.000,1.000,2.368484,1.876420,0.010136,1.061536,0.050049,2.796011,2.244895,0.010139,1.057847,0.728531,1.00e-04
682,1.000,1.000,2.366035,1.876455,0.010137,1.059396,0.046219,2.804663,2.248160,0.010140,1.056790,0.762950,1.00e-04
683,1.000,1.000,2.365602,1.876688,0.010138,1.058129,0.048187,2.787279,2.235208,0.010142,1.056169,0.730325,1.00e-04
684,1.000,1.000,2.362681,1.871289,0.010140,1.060484,0.045753,2.782787,2.226272,0.010143,1.055874,0.744776,1.00e-04
685,1.000,1.000,2.353811,1.863429,0.010141,1.058028,0.042663,2.784844,2.229837,0.010144,1.055809,0.741061,1.00e-04
686,1.000,1.000,2.348305,1.857712,0.010142,1.056819,0.042831,2.776026,2.217253,0.010145,1.055143,0.749965,1.00e-04
687,1.000,1.000,2.346891,1.855016,0.010143,1.057521,0.043736,2.759828,2.203701,0.010146,1.053263,0.730700,1.00e-04
688,1.000,1.000,2.340201,1.846545,0.010144,1.057102,0.045842,2.763329,2.206453,0.010147,1.054943,0.730472,1.00e-04
689,1.000,1.000,2.333727,1.839046,0.010145,1.057034,0.043735,2.749581,2.190282,0.010148,1.052864,0.734723,1.00e-04
690,1.000,1.000,2.331072,1.836919,0.010147,1.055646,0.044516,2.753721,2.190635,0.010150,1.052126,0.756964,1.00e-04
691,1.000,1.000,2.324718,1.829550,0.010148,1.054679,0.046082,2.746506,2.186246,0.010152,1.053464,0.733085,1.00e-04
692,1.000,1.000,2.315477,1.818010,0.010149,1.055764,0.041690,2.744207,2.181571,0.010153,1.051825,0.746840,1.00e-04
693,1.000,1.000,2.317345,1.820054,0.010150,1.055510,0.043867,2.745613,2.176430,0.010153,1.055412,0.760086,1.00e-04
694,1.000,1.000,2.312489,1.814688,0.010151,1.055331,0.041767,2.728099,2.165337,0.010154,1.051541,0.732373,1.00e-04
695,1.000,1.000,2.305052,1.804810,0.010152,1.054579,0.047098,2.728006,2.155097,0.010155,1.052689,0.768266,1.00e-04
696,1.000,1.000,2.297169,1.797635,0.010153,1.052814,0.043436,2.720754,2.152067,0.010156,1.050119,0.754402,1.00e-04
697,1.000,1.000,2.295053,1.797041,0.010155,1.051277,0.041373,2.710464,2.144107,0.010158,1.048735,0.740323,1.00e-04
698,1.000,1.000,2.293997,1.794384,0.010156,1.052600,0.041424,2.722908,2.140001,0.010159,1.053833,0.798567,1.00e-04
