epoch,kl_g0_weight,kl_u_weight,train_loss_total,train_loss_recon,train_loss_kl_g0,train_loss_kl_u,train_loss_cls,val_loss_total,val_loss_recon,val_loss_kl_g0,val_loss_kl_u,val_loss_cls,lr
1,1.000,1.000,652.081283,3251.262623,5.153780,1.181982,0.701984,64.932673,316.144165,4.924169,0.846667,0.687092,1.00e-04
2,1.000,1.000,350.586884,1743.997298,4.983828,1.180319,0.693237,51.907123,251.213501,4.684187,0.899122,0.684698,1.00e-04
3,1.000,1.000,253.950448,1261.017144,4.770434,1.188318,0.694084,45.328477,218.541286,4.410712,0.958339,0.683010,1.00e-04
4,1.000,1.000,173.479025,858.871231,4.551468,1.201646,0.692691,40.805305,195.927521,4.357385,1.014416,0.681801,1.00e-04
5,1.000,1.000,107.363592,528.092653,4.737995,1.215344,0.692990,38.329238,183.298351,4.553340,1.068386,0.681529,1.00e-04
6,1.000,1.000,91.440495,448.245676,4.944261,1.229579,0.695739,35.388307,168.388302,4.689654,1.135713,0.681968,1.00e-04
7,1.000,1.000,78.476638,383.327748,5.026189,1.255752,0.693373,33.602520,159.166653,4.890528,1.213722,0.685425,1.00e-04
8,1.000,1.000,65.069948,316.180786,5.082072,1.299317,0.696889,31.766199,149.782238,4.999053,1.310243,0.684863,1.00e-04
9,1.000,1.000,61.447196,298.003576,5.077333,1.372841,0.695556,30.683211,144.210567,5.048672,1.418629,0.684546,1.00e-04
10,1.000,1.000,56.170602,271.523360,5.070294,1.473273,0.696519,30.054642,140.928440,5.060018,1.548816,0.683984,1.00e-04
11,1.000,1.000,49.645176,238.799295,5.053287,1.594310,0.694746,28.144311,131.264513,5.056584,1.666008,0.683611,1.00e-04
12,1.000,1.000,49.106096,235.989468,5.044644,1.713825,0.695635,27.285768,126.816774,5.068016,1.810491,0.683388,1.00e-04
13,1.000,1.000,45.624581,218.434224,5.051134,1.862096,0.693862,26.450742,122.484047,5.077019,1.959629,0.683253,1.00e-04
14,1.000,1.000,45.160797,215.959138,5.051562,2.012612,0.695167,25.149455,115.815641,5.079192,2.116790,0.683911,1.00e-04
15,1.000,1.000,43.251893,206.264372,5.052339,2.164431,0.694579,24.416169,112.014265,5.073836,2.253536,0.684800,1.00e-04
16,1.000,1.000,39.517725,187.441270,5.046768,2.312166,0.697104,23.645400,107.993877,5.069103,2.430000,0.683505,1.00e-04
17,1.000,1.000,37.535251,177.388358,5.037416,2.481256,0.692306,22.872525,103.988693,5.061536,2.577710,0.683671,1.00e-04
18,1.000,1.000,37.193049,175.540406,5.022878,2.631370,0.692648,22.091800,99.931574,5.059461,2.731695,0.684068,1.00e-04
19,1.000,1.000,35.220285,165.513166,5.036715,2.776479,0.693765,21.701380,97.838490,5.061712,2.868201,0.684625,1.00e-04
20,1.000,1.000,34.632306,162.428374,5.039220,2.919478,0.693614,21.019325,94.271608,5.071686,3.016236,0.684273,1.00e-04
21,1.000,1.000,33.411010,156.180364,5.041136,3.057857,0.693923,20.576248,91.929934,5.077479,3.135451,0.684594,1.00e-04
22,1.000,1.000,32.430808,151.164545,5.044944,3.180381,0.691042,20.017083,89.000805,5.083172,3.262611,0.684706,1.00e-04
23,1.000,1.000,32.275488,150.262565,5.045726,3.296911,0.693059,19.689519,87.232519,5.093451,3.381770,0.684963,1.00e-04
24,1.000,1.000,30.435496,140.938219,5.057405,3.416510,0.691337,19.036229,83.846060,5.098217,3.495799,0.685267,1.00e-04
25,1.000,1.000,30.022040,138.752755,5.067330,3.526091,0.691005,18.778540,82.450460,5.106570,3.594413,0.685314,1.00e-04
26,1.000,1.000,28.811583,132.589248,5.072505,3.626233,0.692482,18.247712,79.684177,5.113625,3.698662,0.685523,1.00e-04
27,1.000,1.000,28.831434,132.579322,5.083326,3.721421,0.693275,18.063347,78.674559,5.120371,3.778582,0.685805,1.00e-04
28,1.000,1.000,28.752282,132.099007,5.082395,3.803872,0.694033,17.686337,76.694956,5.128574,3.865123,0.685756,1.00e-04
29,1.000,1.000,27.606168,126.284018,5.093871,3.882010,0.692735,17.360199,74.996504,5.135407,3.926026,0.685765,1.00e-04
30,1.000,1.000,27.011437,123.245219,5.100503,3.949823,0.690410,16.968107,72.942842,5.153788,3.999460,0.686112,1.00e-04
31,1.000,1.000,26.320624,119.698432,5.119415,4.012010,0.693315,16.720692,71.647724,5.170196,4.040412,0.686281,1.00e-04
32,1.000,1.000,25.732079,116.712670,5.130261,4.051325,0.691534,16.469409,70.322247,5.177272,4.104139,0.685847,1.00e-04
33,1.000,1.000,25.243091,114.197335,5.141343,4.113799,0.690745,16.202699,68.944016,5.178614,4.146909,0.685989,1.00e-04
34,1.000,1.000,25.185288,113.873087,5.141890,4.154155,0.689327,15.957480,67.678736,5.179264,4.184734,0.686166,1.00e-04
35,1.000,1.000,24.431343,110.055378,5.142405,4.195828,0.690775,15.774418,66.710968,5.185097,4.231623,0.686100,1.00e-04
36,1.000,1.000,23.816896,106.931372,5.151223,4.237142,0.691185,15.655389,66.075403,5.193761,4.262378,0.686351,1.00e-04
37,1.000,1.000,24.365556,109.639054,5.159470,4.263170,0.691521,15.323626,64.381009,5.203563,4.289956,0.685900,1.00e-04
38,1.000,1.000,22.893727,102.244194,5.171497,4.292402,0.690135,15.318206,64.329844,5.211987,4.304841,0.686088,1.00e-04
39,1.000,1.000,22.945371,102.471376,5.180519,4.308645,0.691577,15.060381,62.984509,5.225727,4.348076,0.685898,1.00e-04
40,1.000,1.000,22.950063,102.453638,5.190803,4.343329,0.690636,14.708263,61.198465,5.234599,4.363861,0.686098,1.00e-04
41,1.000,1.000,21.889138,97.121191,5.203993,4.360318,0.690046,14.690919,61.091158,5.238448,4.380518,0.686116,1.00e-04
42,1.000,1.000,21.866472,96.991470,5.205689,4.372342,0.690714,14.527593,60.267423,5.243120,4.383489,0.685983,1.00e-04
43,1.000,1.000,22.110420,98.204271,5.209922,4.376879,0.690257,14.360502,59.405965,5.247979,4.404282,0.686071,1.00e-04
44,1.000,1.000,21.073990,92.990202,5.219997,4.397376,0.690594,14.157708,58.371884,5.260357,4.410148,0.686537,1.00e-04
45,1.000,1.000,20.733317,91.276880,5.225879,4.397684,0.691535,13.974719,57.454661,5.273986,4.401064,0.685971,1.00e-04
46,1.000,1.000,20.901193,92.107688,5.242691,4.394971,0.690153,13.888151,56.982837,5.284940,4.427590,0.686347,1.00e-04
47,1.000,1.000,20.885480,91.999443,5.254924,4.415043,0.689497,13.725658,56.170142,5.293816,4.419572,0.686189,1.00e-04
48,1.000,1.000,20.061812,87.878593,5.259273,4.412539,0.689663,13.604911,55.544782,5.302339,4.432207,0.686306,1.00e-04
49,1.000,1.000,20.064125,87.865548,5.271411,4.419975,0.690923,13.542200,55.220908,5.308660,4.437674,0.685938,1.00e-04
50,1.000,1.000,19.697407,86.016037,5.278087,4.429901,0.690752,13.393790,54.465242,5.318416,4.441364,0.685981,1.00e-04
51,1.000,1.000,19.272354,83.888689,5.284914,4.430224,0.689485,13.341520,54.190632,5.330795,4.441257,0.686228,1.00e-04
52,1.000,1.000,19.602592,85.509474,5.300058,4.438338,0.691271,13.070091,52.799663,5.342849,4.464380,0.685891,1.00e-04
53,1.000,1.000,18.661628,80.792897,5.312399,4.448186,0.688664,13.094259,52.904484,5.354258,4.468687,0.685966,1.00e-04
54,1.000,1.000,18.650410,80.716944,5.326561,4.453649,0.688724,12.919655,52.028076,5.368245,4.458145,0.685951,1.00e-04
55,1.000,1.000,18.316441,79.037811,5.344561,4.444558,0.688819,12.704961,50.951679,5.378536,4.450495,0.686023,1.00e-04
56,1.000,1.000,18.284186,78.887036,5.341549,4.437359,0.688745,12.750812,51.182772,5.387035,4.440659,0.685898,1.00e-04
57,1.000,1.000,18.137301,78.151090,5.357394,4.420689,0.689332,12.440365,49.651163,5.395250,4.411690,0.685930,1.00e-04
58,1.000,1.000,17.600482,75.482255,5.371006,4.394371,0.688694,12.483435,49.873110,5.401723,4.399006,0.685835,1.00e-04
59,1.000,1.000,17.315838,74.071706,5.374667,4.382088,0.687682,12.401562,49.465960,5.407713,4.390576,0.685890,1.00e-04
60,1.000,1.000,17.549415,75.246490,5.376740,4.372755,0.687772,12.307438,49.019919,5.417030,4.357285,0.685739,1.00e-04
61,1.000,1.000,17.314477,74.092923,5.387534,4.338058,0.688467,12.151455,48.241882,5.431576,4.340283,0.685884,1.00e-04
62,1.000,1.000,17.038582,72.701151,5.403651,4.333698,0.688602,12.112904,48.035405,5.444365,4.340825,0.685980,1.00e-04
63,1.000,1.000,16.936322,72.190350,5.414658,4.325807,0.687698,12.057610,47.756825,5.453352,4.334128,0.685936,1.00e-04
64,1.000,1.000,16.705741,71.039822,5.422366,4.315933,0.687645,11.865274,46.801123,5.462550,4.318333,0.686090,1.00e-04
65,1.000,1.000,16.197243,68.479818,5.435575,4.316816,0.688502,11.797159,46.451001,5.469665,4.321693,0.685859,1.00e-04
66,1.000,1.000,16.227451,68.640062,5.440178,4.308442,0.687143,11.752393,46.225592,5.476035,4.316093,0.686062,1.00e-04
67,1.000,1.000,15.976384,67.378570,5.448273,4.301553,0.688381,11.638542,45.652333,5.484791,4.309418,0.686542,1.00e-04
68,1.000,1.000,16.033151,67.653088,5.456737,4.303710,0.688054,11.604934,45.472832,5.491500,4.317006,0.685833,1.00e-04
69,1.000,1.000,15.632238,65.645377,5.459671,4.301413,0.688682,11.452236,44.719742,5.498756,4.298408,0.686069,1.00e-04
70,1.000,1.000,15.558985,65.297497,5.467424,4.280863,0.687285,11.393814,44.441603,5.508937,4.274711,0.685955,1.00e-04
71,1.000,1.000,15.510842,65.056241,5.481306,4.263370,0.688324,11.361139,44.275157,5.518672,4.265325,0.686635,1.00e-04
72,1.000,1.000,15.456357,64.794531,5.486389,4.250775,0.687522,11.420642,44.570897,5.529062,4.258973,0.686069,1.00e-04
73,1.000,1.000,15.361425,64.299782,5.499948,4.250917,0.689119,11.203478,43.486837,5.538801,4.248452,0.685824,1.00e-04
74,1.000,1.000,15.132347,63.155247,5.511676,4.243248,0.687891,11.172022,43.309396,5.548829,4.259957,0.685482,1.00e-04
75,1.000,1.000,14.967297,62.329189,5.516695,4.243140,0.686865,11.089320,42.902084,5.559084,4.242763,0.685667,1.00e-04
76,1.000,1.000,14.843222,61.686123,5.533642,4.245998,0.687587,10.953499,42.184834,5.568608,4.273910,0.685036,1.00e-04
77,1.000,1.000,14.607852,60.492811,5.535934,4.261283,0.687308,10.952787,42.180940,5.575215,4.267685,0.685024,1.00e-04
78,1.000,1.000,14.716802,61.024594,5.546322,4.261906,0.687797,10.792362,41.374596,5.579531,4.267721,0.684990,1.00e-04
79,1.000,1.000,14.084096,57.854534,5.551149,4.258538,0.689065,10.907662,41.955205,5.589152,4.254578,0.684844,1.00e-04
80,1.000,1.000,14.273928,58.821454,5.560244,4.237294,0.687661,10.627203,40.548874,5.599377,4.247213,0.685138,1.00e-04
81,1.000,1.000,13.983643,57.370065,5.568743,4.231632,0.686944,10.607776,40.468789,5.607723,4.220780,0.685397,1.00e-04
82,1.000,1.000,14.206722,58.499778,5.576826,4.210571,0.686609,10.574539,40.300993,5.618805,4.211365,0.685383,1.00e-04
83,1.000,1.000,13.582390,55.387965,5.590030,4.192275,0.685420,10.434076,39.621871,5.627405,4.181109,0.684998,1.00e-04
84,1.000,1.000,13.560934,55.298919,5.595078,4.160737,0.687484,10.459870,39.769270,5.636912,4.152057,0.685278,1.00e-04
85,1.000,1.000,13.475772,54.883870,5.609722,4.139646,0.686405,10.430972,39.629490,5.646404,4.137604,0.685340,1.00e-04
86,1.000,1.000,13.671619,55.871621,5.616689,4.121568,0.687054,10.365247,39.319172,5.654890,4.113186,0.684746,1.00e-04
87,1.000,1.000,13.130847,53.190037,5.624652,4.096399,0.685787,10.314624,39.079486,5.665548,4.088085,0.685000,1.00e-04
88,1.000,1.000,13.162745,53.367022,5.635845,4.072745,0.684528,10.212824,38.576318,5.676146,4.074354,0.684325,1.00e-04
89,1.000,1.000,13.131424,53.202608,5.642823,4.067214,0.686119,10.166378,38.336231,5.685169,4.072601,0.684472,1.00e-04
90,1.000,1.000,13.128971,53.178093,5.659746,4.061946,0.686267,10.182432,38.404668,5.692320,4.077035,0.684534,1.00e-04
91,1.000,1.000,12.755971,51.303503,5.658470,4.064908,0.688243,10.240458,38.698772,5.703495,4.063776,0.684060,1.00e-04
92,1.000,1.000,12.720693,51.120916,5.679107,4.057848,0.686398,9.919143,37.074974,5.713181,4.070587,0.684243,1.00e-04
93,1.000,1.000,12.704359,51.030225,5.687867,4.063159,0.685135,10.106096,38.001254,5.722353,4.070334,0.684135,1.00e-04
94,1.000,1.000,12.672135,50.864842,5.691176,4.063855,0.685201,9.882065,36.878140,5.730866,4.065464,0.683963,1.00e-04
95,1.000,1.000,12.734535,51.175345,5.707011,4.049019,0.685324,9.923499,37.087030,5.737840,4.057228,0.683848,1.00e-04
96,1.000,1.000,12.652775,50.773553,5.706233,4.047765,0.684081,9.852169,36.742167,5.743159,4.038978,0.684135,1.00e-04
97,1.000,1.000,12.555550,50.292802,5.715404,4.027319,0.685556,9.814108,36.563796,5.750476,4.022324,0.683485,1.00e-04
98,1.000,1.000,12.425237,49.660864,5.720301,4.000595,0.686106,9.688454,35.951229,5.757455,4.001241,0.683086,1.00e-04
99,1.000,1.000,12.175384,48.420494,5.730629,3.984088,0.685427,9.708654,36.066686,5.766225,3.978103,0.683064,1.00e-04
100,1.000,1.000,12.192067,48.525690,5.734518,3.959345,0.685195,9.701537,36.066794,5.775607,3.934116,0.682792,1.00e-04
101,1.000,1.000,12.076200,47.968581,5.748567,3.922504,0.685337,9.605482,35.596263,5.783675,3.916947,0.682631,1.00e-04
102,1.000,1.000,11.898638,47.100391,5.754574,3.900903,0.684330,9.595793,35.550089,5.792609,3.904263,0.683002,1.00e-04
103,1.000,1.000,11.999161,47.595772,5.762328,3.897369,0.685084,9.566324,35.393557,5.800398,3.908474,0.682296,1.00e-04
104,1.000,1.000,11.735706,46.275687,5.768344,3.901973,0.683131,9.397465,34.545026,5.805481,3.907035,0.682447,1.00e-04
105,1.000,1.000,11.693362,46.046899,5.770258,3.904500,0.686288,9.534199,35.211962,5.810746,3.919238,0.682263,1.00e-04
106,1.000,1.000,11.411518,44.633807,5.779230,3.909045,0.683876,9.340625,34.241148,5.817766,3.915984,0.682056,1.00e-04
107,1.000,1.000,11.494652,45.046206,5.784835,3.908191,0.683507,9.332746,34.196276,5.827356,3.911157,0.682235,1.00e-04
108,1.000,1.000,11.446569,44.805369,5.799101,3.896263,0.683028,9.312950,34.106708,5.839083,3.890902,0.682014,1.00e-04
109,1.000,1.000,11.373176,44.440871,5.810135,3.874847,0.685006,9.252045,33.825178,5.847530,3.860037,0.681869,1.00e-04
110,1.000,1.000,11.408166,44.646078,5.817385,3.839904,0.684366,9.183332,33.508430,5.852314,3.828764,0.681788,1.00e-04
111,1.000,1.000,11.100793,43.133051,5.823683,3.811008,0.684055,9.101133,33.122888,5.856109,3.799926,0.681686,1.00e-04
112,1.000,1.000,11.198136,43.634502,5.825814,3.792840,0.684380,9.136912,33.294449,5.862621,3.800908,0.681646,1.00e-04
113,1.000,1.000,11.176037,43.514663,5.835873,3.801098,0.682137,9.074566,32.962759,5.872631,3.809956,0.681871,1.00e-04
114,1.000,1.000,11.082667,43.029173,5.844245,3.806096,0.683454,9.053960,32.852799,5.879809,3.810821,0.681592,1.00e-04
115,1.000,1.000,10.929816,42.256256,5.854372,3.802448,0.684001,9.009642,32.631132,5.884228,3.806567,0.681570,1.00e-04
116,1.000,1.000,10.932614,42.254957,5.854809,3.808264,0.686259,9.059732,32.856736,5.889797,3.826182,0.681486,1.00e-04
117,1.000,1.000,10.869426,41.929243,5.860402,3.825461,0.683005,8.972534,32.399150,5.896219,3.842662,0.681159,1.00e-04
118,1.000,1.000,10.857598,41.839199,5.871642,3.839823,0.684331,9.001989,32.529392,5.904096,3.851880,0.681145,1.00e-04
119,1.000,1.000,10.744622,41.262535,5.871398,3.850538,0.684660,8.903088,32.025320,5.909808,3.856490,0.680955,1.00e-04
120,1.000,1.000,10.629550,40.696986,5.880292,3.840965,0.682376,8.846113,31.756742,5.916173,3.834446,0.680801,1.00e-04
121,1.000,1.000,10.705558,41.089689,5.884619,3.821080,0.683101,8.875348,31.921432,5.923036,3.810525,0.680437,1.00e-04
122,1.000,1.000,10.469149,39.918296,5.892308,3.802658,0.683120,8.774838,31.414823,5.931107,3.805083,0.680794,1.00e-04
123,1.000,1.000,10.539382,40.258601,5.904966,3.801527,0.682954,8.779698,31.432617,5.939378,3.805337,0.680289,1.00e-04
124,1.000,1.000,10.386512,39.496983,5.912879,3.796854,0.681461,8.778415,31.429511,5.950383,3.790315,0.680466,1.00e-04
125,1.000,1.000,10.229743,38.717808,5.922002,3.776682,0.683055,8.748645,31.284763,5.960848,3.773361,0.681064,1.00e-04
126,1.000,1.000,10.319673,39.163183,5.937156,3.763433,0.683648,8.635659,30.726618,5.968005,3.760525,0.680786,1.00e-04
127,1.000,1.000,10.395689,39.555488,5.941170,3.751476,0.682577,8.627959,30.690189,5.973605,3.751747,0.681063,1.00e-04
128,1.000,1.000,10.271775,38.929919,5.946733,3.750207,0.683004,8.544509,30.262926,5.976012,3.759749,0.680965,1.00e-04
129,1.000,1.000,10.089455,38.015275,5.944578,3.754166,0.683313,8.627111,30.677541,5.979607,3.752233,0.681543,1.00e-04
130,1.000,1.000,9.952091,37.340112,5.951082,3.743463,0.681450,8.516176,30.140872,5.984857,3.732899,0.680563,1.00e-04
131,1.000,1.000,10.068824,37.944427,5.957062,3.721844,0.680197,8.465004,29.900591,5.991430,3.711160,0.680460,1.00e-04
132,1.000,1.000,10.047774,37.849487,5.961240,3.704969,0.680794,8.508767,30.122456,5.996979,3.703072,0.680333,1.00e-04
133,1.000,1.000,9.899292,37.105603,5.969323,3.698042,0.680872,8.432655,29.740410,6.005142,3.695080,0.680661,1.00e-04
134,1.000,1.000,9.834120,36.786516,5.974699,3.687526,0.680465,8.412067,29.640855,6.013665,3.684305,0.680377,1.00e-04
135,1.000,1.000,9.812216,36.665671,5.985218,3.687680,0.680627,8.395524,29.547401,6.023128,3.687238,0.679963,1.00e-04
136,1.000,1.000,9.777913,36.477780,5.996552,3.688236,0.681749,8.345016,29.281496,6.031120,3.692373,0.680023,1.00e-04
137,1.000,1.000,9.746545,36.310477,6.004883,3.691231,0.681533,8.334151,29.212871,6.039203,3.698628,0.680013,1.00e-04
138,1.000,1.000,9.644452,35.792846,6.013648,3.700585,0.678795,8.307752,29.074595,6.045448,3.700604,0.679528,1.00e-04
139,1.000,1.000,9.642575,35.776566,6.021811,3.696444,0.679513,8.229912,28.694103,6.049469,3.688203,0.679446,1.00e-04
140,1.000,1.000,9.580443,35.474943,6.018152,3.681091,0.682007,8.239102,28.760623,6.053974,3.663275,0.679410,1.00e-04
141,1.000,1.000,9.466922,34.930952,6.022244,3.660443,0.680242,8.211616,28.624829,6.057650,3.658440,0.679290,1.00e-04
142,1.000,1.000,9.465736,34.914204,6.029870,3.659155,0.681362,8.118616,28.155607,6.061540,3.660342,0.678897,1.00e-04
143,1.000,1.000,9.323820,34.196780,6.032742,3.665328,0.681062,8.184194,28.469685,6.068756,3.666520,0.679002,1.00e-04
144,1.000,1.000,9.286647,34.005220,6.040264,3.665197,0.680639,8.091047,27.998000,6.076713,3.665720,0.678700,1.00e-04
145,1.000,1.000,9.328267,34.205235,6.047929,3.671370,0.679200,8.124179,28.148006,6.082703,3.677140,0.678261,1.00e-04
146,1.000,1.000,9.227697,33.682817,6.055550,3.678771,0.680337,8.061015,27.824402,6.088410,3.678023,0.678559,1.00e-04
147,1.000,1.000,9.152221,33.310860,6.061508,3.669442,0.679824,7.999313,27.530575,6.094402,3.659485,0.678026,1.00e-04
148,1.000,1.000,9.191925,33.513603,6.067008,3.660175,0.679709,8.081350,27.936247,6.100569,3.656953,0.678245,1.00e-04
149,1.000,1.000,9.076115,32.939756,6.071229,3.653895,0.678923,7.931736,27.202933,6.106159,3.636525,0.678266,1.00e-04
150,1.000,1.000,8.995716,32.546456,6.074742,3.640318,0.679265,7.920241,27.135226,6.112208,3.639638,0.678533,1.00e-04
151,1.000,1.000,8.965052,32.379285,6.085490,3.643673,0.679204,7.950471,27.276713,6.118652,3.644736,0.678063,1.00e-04
152,1.000,1.000,8.969317,32.390726,6.092998,3.646839,0.679006,7.881883,26.931709,6.124337,3.641402,0.677991,1.00e-04
153,1.000,1.000,8.927543,32.182398,6.093504,3.644976,0.679209,7.830128,26.673295,6.128421,3.637173,0.677937,1.00e-04
154,1.000,1.000,8.824568,31.653118,6.103940,3.641254,0.681132,7.835428,26.699206,6.130753,3.636141,0.677759,1.00e-04
155,1.000,1.000,8.828668,31.681010,6.103382,3.639449,0.679874,7.839874,26.718088,6.132147,3.637953,0.677795,1.00e-04
156,1.000,1.000,8.774992,31.420314,6.101362,3.637444,0.678960,7.770599,26.375260,6.135030,3.632880,0.677456,1.00e-04
157,1.000,1.000,8.715003,31.114558,6.107780,3.636679,0.678999,7.832974,26.682659,6.139347,3.633040,0.677456,1.00e-04
158,1.000,1.000,8.775901,31.421575,6.112752,3.632971,0.678052,7.733583,26.192905,6.145093,3.621670,0.677061,1.00e-04
159,1.000,1.000,8.610055,30.602365,6.114732,3.622184,0.677748,7.727634,26.165354,6.150456,3.614756,0.676902,1.00e-04
160,1.000,1.000,8.637286,30.731249,6.122092,3.612883,0.680052,7.683336,25.954022,6.155672,3.600720,0.676567,1.00e-04
161,1.000,1.000,8.501380,30.060518,6.130453,3.603285,0.678161,7.679322,25.937444,6.159535,3.593802,0.676458,1.00e-04
162,1.000,1.000,8.561320,30.365186,6.134700,3.594952,0.677940,7.674486,25.922159,6.163828,3.581389,0.676263,1.00e-04
163,1.000,1.000,8.562131,30.370558,6.137144,3.586747,0.679051,7.644828,25.767368,6.166418,3.585472,0.676221,1.00e-04
164,1.000,1.000,8.470073,29.913569,6.135707,3.593536,0.676888,7.554267,25.293704,6.169315,3.603674,0.676161,1.00e-04
165,1.000,1.000,8.498852,30.028569,6.143044,3.610455,0.678048,7.590527,25.454442,6.172988,3.620297,0.676227,1.00e-04
166,1.000,1.000,8.463797,29.840092,6.143573,3.627532,0.676947,7.546448,25.222309,6.176950,3.628655,0.676082,1.00e-04
167,1.000,1.000,8.348649,29.259831,6.148977,3.628658,0.676445,7.533491,25.162647,6.181588,3.620072,0.675787,1.00e-04
168,1.000,1.000,8.343136,29.234518,6.153455,3.620109,0.676900,7.518934,25.091640,6.186611,3.613023,0.675849,1.00e-04
169,1.000,1.000,8.309544,29.067864,6.156768,3.613744,0.677336,7.483988,24.926054,6.189337,3.602864,0.675421,1.00e-04
170,1.000,1.000,8.252523,28.784321,6.162075,3.606935,0.677321,7.515416,25.092667,6.191060,3.591575,0.675444,1.00e-04
171,1.000,1.000,8.343208,29.245403,6.164247,3.596917,0.677368,7.453626,24.785774,6.193375,3.588237,0.675185,1.00e-04
172,1.000,1.000,8.248378,28.774032,6.166375,3.593386,0.677024,7.419050,24.612986,6.195902,3.585245,0.675279,1.00e-04
173,1.000,1.000,8.179582,28.433450,6.166619,3.591242,0.676650,7.381492,24.423740,6.198662,3.583671,0.675347,1.00e-04
174,1.000,1.000,8.142232,28.248912,6.166762,3.586225,0.677316,7.425382,24.644745,6.202423,3.577377,0.675592,1.00e-04
175,1.000,1.000,8.061069,27.843049,6.174483,3.580326,0.676871,7.322518,24.140614,6.204767,3.566157,0.675264,1.00e-04
176,1.000,1.000,7.987829,27.485054,6.173667,3.568556,0.677967,7.323923,24.159893,6.207358,3.552141,0.675055,1.00e-04
177,1.000,1.000,7.983393,27.493573,6.175729,3.552417,0.673811,7.308048,24.091350,6.212001,3.536890,0.675000,1.00e-04
178,1.000,1.000,8.029364,27.720812,6.182184,3.546676,0.674286,7.294058,24.015927,6.216097,3.540562,0.674426,1.00e-04
179,1.000,1.000,7.897389,27.047684,6.186855,3.548507,0.675975,7.247724,23.771895,6.221988,3.544617,0.675030,1.00e-04
180,1.000,1.000,7.923432,27.168675,6.193252,3.549637,0.676398,7.283063,23.947061,6.226684,3.541950,0.674905,1.00e-04
181,1.000,1.000,7.879117,26.944137,6.199529,3.546553,0.676341,7.245944,23.766049,6.229063,3.534821,0.674947,1.00e-04
182,1.000,1.000,7.854827,26.821434,6.202877,3.541530,0.677074,7.149973,23.287595,6.230197,3.533356,0.674679,1.00e-04
183,1.000,1.000,7.800496,26.553273,6.201776,3.545099,0.675583,7.172465,23.394288,6.230840,3.538920,0.674570,1.00e-04
184,1.000,1.000,7.723252,26.169900,6.200803,3.544613,0.675236,7.145720,23.267093,6.232466,3.531977,0.674265,1.00e-04
185,1.000,1.000,7.744696,26.272743,6.205953,3.538959,0.676456,7.113805,23.110330,6.234580,3.528711,0.673851,1.00e-04
186,1.000,1.000,7.685146,25.990924,6.204647,3.540540,0.672405,7.086346,22.977642,6.237437,3.521456,0.673798,1.00e-04
187,1.000,1.000,7.669557,25.905556,6.206990,3.529388,0.676462,7.115721,23.127079,6.238714,3.518265,0.673636,1.00e-04
188,1.000,1.000,7.619446,25.657073,6.212076,3.531816,0.674067,7.069576,22.890887,6.239093,3.524716,0.673296,1.00e-04
189,1.000,1.000,7.625275,25.679511,6.207423,3.532520,0.676730,7.028314,22.694561,6.238930,3.515934,0.673036,1.00e-04
190,1.000,1.000,7.555078,25.345170,6.211593,3.522686,0.673985,7.013366,22.624681,6.241661,3.508968,0.672880,1.00e-04
191,1.000,1.000,7.555714,25.356275,6.209212,3.518142,0.673735,7.059069,22.854266,6.244912,3.504938,0.672807,1.00e-04
192,1.000,1.000,7.509227,25.112702,6.215541,3.517655,0.675059,6.961373,22.365251,6.247799,3.504334,0.672370,1.00e-04
193,1.000,1.000,7.512906,25.136405,6.217156,3.521856,0.672278,6.986115,22.467386,6.250728,3.521854,0.672651,1.00e-04
194,1.000,1.000,7.423158,24.670103,6.222914,3.532593,0.672545,6.941241,22.243814,6.253329,3.517489,0.672893,1.00e-04
195,1.000,1.000,7.444217,24.769891,6.228548,3.527361,0.673822,6.932517,22.203804,6.255837,3.509768,0.673295,1.00e-04
196,1.000,1.000,7.378336,24.437916,6.229594,3.517932,0.676559,6.886309,21.979944,6.255620,3.499591,0.674098,1.00e-04
197,1.000,1.000,7.403538,24.573115,6.228472,3.509783,0.676580,6.869102,21.904252,6.253772,3.496431,0.672763,1.00e-04
198,1.000,1.000,7.312916,24.120237,6.228213,3.509444,0.676672,6.936270,22.243851,6.253254,3.493407,0.672709,1.00e-04
199,1.000,1.000,7.310696,24.132507,6.227588,3.503306,0.672519,6.833387,21.741555,6.252686,3.484581,0.672028,1.00e-04
200,1.000,1.000,7.293634,24.056829,6.224872,3.503029,0.670859,6.821570,21.671425,6.252371,3.498294,0.671440,1.00e-04
201,1.000,1.000,7.246004,23.808817,6.227374,3.506631,0.671799,6.795977,21.556665,6.252014,3.488666,0.670634,1.00e-04
202,1.000,1.000,7.170421,23.448687,6.220177,3.493448,0.672448,6.753732,21.363946,6.251073,3.471150,0.670623,1.00e-04
203,1.000,1.000,7.196658,23.587500,6.223167,3.481699,0.672731,6.780537,21.513315,6.251282,3.456753,0.670334,1.00e-04
204,1.000,1.000,7.134160,23.286359,6.223644,3.475147,0.671412,6.767579,21.441344,6.255260,3.460664,0.670157,1.00e-04
205,1.000,1.000,7.149434,23.345126,6.227236,3.481948,0.673214,6.722860,21.205113,6.258648,3.471365,0.669793,1.00e-04
206,1.000,1.000,7.044597,22.822383,6.232069,3.489944,0.669648,6.692485,21.052621,6.259359,3.471882,0.669641,1.00e-04
207,1.000,1.000,7.065573,22.923381,6.231017,3.484920,0.672136,6.690928,21.048256,6.258685,3.469890,0.669452,1.00e-04
208,1.000,1.000,7.013127,22.664009,6.233405,3.483447,0.671193,6.665977,20.934123,6.257354,3.461151,0.669315,1.00e-04
209,1.000,1.000,7.039856,22.816952,6.227129,3.478341,0.669214,6.657420,20.883913,6.256387,3.469253,0.669387,1.00e-04
210,1.000,1.000,6.980409,22.513859,6.225741,3.486509,0.668984,6.637492,20.784950,6.254903,3.472348,0.668815,1.00e-04
211,1.000,1.000,6.987765,22.549417,6.225709,3.482761,0.670234,6.645312,20.824313,6.254327,3.472124,0.668949,1.00e-04
212,1.000,1.000,6.993256,22.565941,6.221147,3.489459,0.672433,6.560759,20.394971,6.253812,3.481279,0.668434,1.00e-04
213,1.000,1.000,6.930282,22.250451,6.227143,3.487262,0.671639,6.616011,20.686839,6.253457,3.465848,0.668477,1.00e-04
214,1.000,1.000,6.892099,22.085689,6.223087,3.475468,0.669062,6.564287,20.450758,6.253366,3.444780,0.668133,1.00e-04
215,1.000,1.000,6.879773,22.039398,6.224080,3.459454,0.668983,6.519448,20.237764,6.252130,3.434850,0.668124,1.00e-04
216,1.000,1.000,6.861563,21.950228,6.221558,3.453844,0.670547,6.518605,20.231638,6.253916,3.435136,0.668083,1.00e-04
217,1.000,1.000,6.845643,21.877766,6.227510,3.449033,0.668476,6.501789,20.151896,6.255087,3.429885,0.668020,1.00e-04
218,1.000,1.000,6.784111,21.569070,6.224912,3.448713,0.669465,6.497388,20.123648,6.254112,3.439211,0.667493,1.00e-04
219,1.000,1.000,6.782283,21.558566,6.223788,3.455727,0.668333,6.454049,19.908181,6.251763,3.441061,0.667310,1.00e-04
220,1.000,1.000,6.765409,21.455826,6.226113,3.460367,0.671184,6.428481,19.783730,6.248057,3.442553,0.667016,1.00e-04
221,1.000,1.000,6.724235,21.268002,6.222746,3.464332,0.666524,6.446009,19.874980,6.243649,3.444592,0.666705,1.00e-04
222,1.000,1.000,6.711491,21.207370,6.218282,3.462985,0.667205,6.408803,19.687415,6.241447,3.448002,0.666788,1.00e-04
223,1.000,1.000,6.677340,21.033500,6.215908,3.461294,0.669000,6.366642,19.485262,6.242528,3.438945,0.666619,1.00e-04
224,1.000,1.000,6.655932,20.932315,6.216982,3.454741,0.668906,6.385601,19.587109,6.242156,3.432387,0.666588,1.00e-04
225,1.000,1.000,6.661119,20.976614,6.213528,3.451001,0.666113,6.335504,19.340713,6.242844,3.429037,0.666232,1.00e-04
226,1.000,1.000,6.599759,20.660376,6.219112,3.450290,0.667255,6.325554,19.298651,6.243506,3.422636,0.665744,1.00e-04
227,1.000,1.000,6.636563,20.862581,6.215974,3.441936,0.665581,6.329025,19.321438,6.243287,3.417934,0.665616,1.00e-04
228,1.000,1.000,6.568429,20.528819,6.215197,3.435841,0.665572,6.294194,19.145325,6.241938,3.421216,0.665623,1.00e-04
229,1.000,1.000,6.565704,20.500478,6.215292,3.443411,0.667334,6.298582,19.172091,6.240181,3.421509,0.664782,1.00e-04
230,1.000,1.000,6.531497,20.341515,6.211310,3.442616,0.665511,6.259247,18.977551,6.237503,3.422624,0.664639,1.00e-04
231,1.000,1.000,6.517070,20.261376,6.209324,3.448080,0.666643,6.293108,19.134142,6.234250,3.439191,0.664489,1.00e-04
232,1.000,1.000,6.457359,19.965253,6.206664,3.454231,0.665161,6.253595,18.949559,6.229171,3.431126,0.664530,1.00e-04
233,1.000,1.000,6.474306,20.059075,6.199553,3.449723,0.665795,6.201888,18.710382,6.223943,3.419377,0.663934,1.00e-04
234,1.000,1.000,6.415945,19.795202,6.193258,3.437295,0.663493,6.233678,18.877369,6.221482,3.412632,0.664226,1.00e-04
235,1.000,1.000,6.418954,19.827574,6.187986,3.423522,0.663922,6.175216,18.604767,6.218033,3.399249,0.663507,1.00e-04
236,1.000,1.000,6.369732,19.598008,6.181765,3.415091,0.663449,6.149975,18.494949,6.215707,3.386218,0.663250,1.00e-04
237,1.000,1.000,6.351735,19.514827,6.184516,3.411535,0.661949,6.148631,18.489975,6.212991,3.388004,0.663046,1.00e-04
238,1.000,1.000,6.333479,19.418488,6.184495,3.411830,0.663146,6.097776,18.249354,6.209400,3.380466,0.662415,1.00e-04
239,1.000,1.000,6.348828,19.507230,6.176439,3.416902,0.660892,6.151311,18.497587,6.204556,3.405758,0.662164,1.00e-04
240,1.000,1.000,6.333505,19.409589,6.177234,3.432524,0.662045,6.075065,18.113026,6.200452,3.413401,0.662112,1.00e-04
241,1.000,1.000,6.243652,18.966886,6.166699,3.430748,0.663481,6.067816,18.086092,6.197220,3.407292,0.662119,1.00e-04
242,1.000,1.000,6.231195,18.919422,6.165544,3.425940,0.661268,6.085273,18.185551,6.194072,3.400142,0.661649,1.00e-04
243,1.000,1.000,6.243250,18.972099,6.165888,3.422037,0.664057,6.049712,18.026539,6.190311,3.386294,0.661354,1.00e-04
244,1.000,1.000,6.243859,18.995172,6.161819,3.415322,0.661745,6.018452,17.866324,6.187816,3.391672,0.661612,1.00e-04
245,1.000,1.000,6.220263,18.867606,6.159170,3.424570,0.662493,6.027440,17.900363,6.183872,3.408793,0.661043,1.00e-04
246,1.000,1.000,6.177799,18.655938,6.156971,3.436464,0.659906,5.995832,17.739902,6.178958,3.416259,0.661010,1.00e-04
247,1.000,1.000,6.173464,18.649620,6.146898,3.430123,0.660169,5.994463,17.755301,6.174020,3.400765,0.660557,1.00e-04
248,1.000,1.000,6.164317,18.622758,6.144168,3.418798,0.658965,5.989116,17.759480,6.167066,3.378770,0.660066,1.00e-04
249,1.000,1.000,6.094211,18.295641,6.133961,3.405657,0.658949,5.951990,17.597347,6.160156,3.363359,0.659772,1.00e-04
250,1.000,1.000,6.075112,18.223030,6.130252,3.393343,0.657234,5.910402,17.400754,6.153844,3.359279,0.659533,1.00e-04
251,1.000,1.000,6.041934,18.059394,6.120853,3.394598,0.658706,5.932778,17.503402,6.146619,3.375085,0.659695,1.00e-04
252,1.000,1.000,6.037502,18.045087,6.111084,3.401385,0.657488,5.921207,17.453477,6.139912,3.377654,0.658747,1.00e-04
253,1.000,1.000,6.050328,18.113374,6.104675,3.404250,0.657335,5.933208,17.518538,6.134202,3.381364,0.657983,1.00e-04
254,1.000,1.000,5.999623,17.854992,6.103209,3.407594,0.658080,5.854468,17.136189,6.127824,3.378404,0.657480,1.00e-04
255,1.000,1.000,6.022543,17.979549,6.095556,3.406122,0.657872,5.895285,17.351182,6.122546,3.370759,0.657985,1.00e-04
256,1.000,1.000,5.994597,17.847041,6.093212,3.401365,0.657842,5.819437,16.983675,6.116941,3.371487,0.656270,1.00e-04
257,1.000,1.000,6.001100,17.909337,6.079297,3.398789,0.654520,5.872838,17.253805,6.111391,3.372695,0.656575,1.00e-04
258,1.000,1.000,5.975900,17.792711,6.080221,3.398290,0.652070,5.825323,17.026036,6.106789,3.369166,0.656156,1.00e-04
259,1.000,1.000,5.942708,17.623110,6.078560,3.398026,0.653461,5.821941,17.006451,6.101719,3.379424,0.655527,1.00e-04
260,1.000,1.000,5.949122,17.651977,6.071283,3.407896,0.653613,5.741833,16.619704,6.097484,3.373911,0.654516,1.00e-04
261,1.000,1.000,5.899015,17.402616,6.067079,3.404934,0.655111,5.811564,16.981112,6.093643,3.366514,0.654138,1.00e-04
262,1.000,1.000,5.865756,17.265822,6.063791,3.396212,0.650739,5.771189,16.797251,6.087960,3.354013,0.654180,1.00e-04
263,1.000,1.000,5.854837,17.218087,6.053521,3.392555,0.652506,5.716941,16.527433,6.080119,3.363826,0.653332,1.00e-04
264,1.000,1.000,5.850933,17.206169,6.048528,3.392974,0.651748,5.717666,16.536241,6.071594,3.367498,0.653248,1.00e-04
265,1.000,1.000,5.825420,17.085213,6.042659,3.392753,0.651619,5.733340,16.626918,6.063311,3.366268,0.652550,1.00e-04
266,1.000,1.000,5.808530,17.011261,6.032389,3.392459,0.651635,5.683302,16.403397,6.056053,3.348327,0.652183,1.00e-04
267,1.000,1.000,5.780615,16.911969,6.023519,3.378098,0.647372,5.671596,16.358822,6.048951,3.343956,0.651563,1.00e-04
268,1.000,1.000,5.768270,16.844983,6.017672,3.383185,0.648877,5.668122,16.349624,6.041531,3.345370,0.651022,1.00e-04
269,1.000,1.000,5.759296,16.814803,6.006676,3.384481,0.647630,5.636083,16.183793,6.035345,3.357164,0.651027,1.00e-04
270,1.000,1.000,5.757177,16.797256,6.004127,3.394935,0.647391,5.638872,16.189039,6.026384,3.375007,0.650982,1.00e-04
271,1.000,1.000,5.727763,16.656469,5.997150,3.399335,0.646465,5.607053,16.059662,6.016387,3.360150,0.649766,1.00e-04
272,1.000,1.000,5.703092,16.558466,5.986467,3.388280,0.645561,5.613644,16.110923,6.007366,3.351406,0.649631,1.00e-04
273,1.000,1.000,5.662640,16.376497,5.975169,3.380180,0.645339,5.600971,16.070597,6.000046,3.340458,0.648438,1.00e-04
274,1.000,1.000,5.660360,16.379633,5.963799,3.377838,0.645133,5.548969,15.818005,5.991592,3.344635,0.647653,1.00e-04
275,1.000,1.000,5.682820,16.502970,5.958483,3.380150,0.643125,5.534000,15.744435,5.983556,3.353818,0.647048,1.00e-04
276,1.000,1.000,5.621885,16.205267,5.949785,3.391307,0.640766,5.549167,15.821818,5.976296,3.361956,0.646441,1.00e-04
277,1.000,1.000,5.602077,16.109400,5.942191,3.391282,0.641878,5.491320,15.560549,5.968919,3.345756,0.645343,1.00e-04
278,1.000,1.000,5.628303,16.262041,5.935939,3.382060,0.640369,5.496551,15.599416,5.963652,3.341196,0.644623,1.00e-04
279,1.000,1.000,5.606805,16.162102,5.931339,3.381491,0.639774,5.503934,15.634527,5.959205,3.350066,0.643968,1.00e-04
280,1.000,1.000,5.577771,16.018344,5.929172,3.385599,0.638936,5.514349,15.689462,5.952273,3.357209,0.643201,1.00e-04
281,1.000,1.000,5.545963,15.872981,5.917151,3.387469,0.638053,5.467028,15.474246,5.942730,3.348348,0.642454,1.00e-04
282,1.000,1.000,5.533437,15.847082,5.908119,3.373314,0.634667,5.433665,15.345045,5.930170,3.325830,0.641820,1.00e-04
283,1.000,1.000,5.491884,15.662104,5.894137,3.359989,0.635797,5.438945,15.397774,5.917877,3.315125,0.640988,1.00e-04
284,1.000,1.000,5.510710,15.779029,5.880682,3.357104,0.634183,5.411826,15.269269,5.906359,3.322679,0.640206,1.00e-04
285,1.000,1.000,5.509073,15.771189,5.871727,3.368170,0.633570,5.396994,15.188583,5.900214,3.337696,0.639620,1.00e-04
286,1.000,1.000,5.476341,15.595527,5.865606,3.373992,0.636645,5.394978,15.172609,5.896443,3.349708,0.639033,1.00e-04
287,1.000,1.000,5.443994,15.441483,5.862583,3.385062,0.632710,5.415397,15.284611,5.890120,3.349022,0.638309,1.00e-04
288,1.000,1.000,5.435207,15.402952,5.858564,3.382751,0.632942,5.367778,15.072522,5.883372,3.329914,0.638271,1.00e-04
289,1.000,1.000,5.418508,15.361688,5.849867,3.362503,0.629620,5.346803,15.000683,5.877333,3.309683,0.636579,1.00e-04
290,1.000,1.000,5.438744,15.487201,5.848566,3.349367,0.627147,5.335840,14.959059,5.871127,3.306408,0.635651,1.00e-04
291,1.000,1.000,5.404420,15.343829,5.836583,3.344917,0.624193,5.293122,14.759479,5.862911,3.304798,0.634605,1.00e-04
292,1.000,1.000,5.398229,15.310604,5.831522,3.349662,0.624840,5.314265,14.866338,5.854602,3.315719,0.633667,1.00e-04
293,1.000,1.000,5.368171,15.172499,5.824333,3.353266,0.622689,5.294307,14.769945,5.846726,3.318764,0.634025,1.00e-04
294,1.000,1.000,5.343270,15.039256,5.811684,3.362516,0.625723,5.271072,14.673821,5.834778,3.317396,0.632341,1.00e-04
295,1.000,1.000,5.329366,15.007660,5.797390,3.353810,0.621992,5.274090,14.718347,5.824267,3.305356,0.630620,1.00e-04
296,1.000,1.000,5.323980,15.004761,5.787908,3.347524,0.619927,5.280737,14.752837,5.817216,3.312629,0.630250,1.00e-04
297,1.000,1.000,5.293510,14.849927,5.785603,3.350831,0.620297,5.210697,14.423822,5.808481,3.299128,0.630513,1.00e-04
298,1.000,1.000,5.255817,14.693356,5.769629,3.342047,0.618513,5.224010,14.505452,5.795389,3.298617,0.630148,1.00e-04
299,1.000,1.000,5.264663,14.757319,5.760702,3.348116,0.614295,5.228348,14.539607,5.782421,3.308491,0.627806,1.00e-04
300,1.000,1.000,5.264586,14.774354,5.743590,3.352861,0.613031,5.245623,14.642113,5.773398,3.309244,0.625840,1.00e-04
301,1.000,1.000,5.253799,14.727694,5.738058,3.350730,0.613128,5.167986,14.271483,5.763791,3.307410,0.624312,1.00e-04
302,1.000,1.000,5.232428,14.677188,5.727485,3.348323,0.602286,5.165199,14.277781,5.756612,3.299583,0.623005,1.00e-04
303,1.000,1.000,5.226353,14.641594,5.724270,3.340229,0.606418,5.161959,14.276960,5.751954,3.293148,0.621934,1.00e-04
304,1.000,1.000,5.205176,14.556564,5.717607,3.335515,0.604048,5.141344,14.183108,5.745550,3.289625,0.622109,1.00e-04
305,1.000,1.000,5.176754,14.432043,5.712140,3.331370,0.602054,5.121308,14.093491,5.739997,3.282985,0.622516,1.00e-04
306,1.000,1.000,5.133055,14.234703,5.703399,3.332038,0.598784,5.121238,14.110962,5.727687,3.291415,0.619031,1.00e-04
307,1.000,1.000,5.138210,14.237887,5.698495,3.340287,0.603595,5.122118,14.134733,5.714397,3.292596,0.617216,1.00e-04
308,1.000,1.000,5.119144,14.201320,5.684464,3.338502,0.592858,5.090675,14.012530,5.701031,3.279640,0.615044,1.00e-04
309,1.000,1.000,5.123722,14.260520,5.660585,3.327893,0.592402,5.085667,14.012876,5.685992,3.274532,0.613733,1.00e-04
310,1.000,1.000,5.091289,14.112649,5.648321,3.319500,0.593994,5.079867,14.011748,5.672691,3.265342,0.612388,1.00e-04
311,1.000,1.000,5.081610,14.137782,5.630459,3.315859,0.580987,5.039776,13.819789,5.661252,3.271146,0.611673,1.00e-04
312,1.000,1.000,5.091664,14.182962,5.623246,3.313437,0.584668,5.016394,13.723844,5.657051,3.265568,0.608877,1.00e-04
313,1.000,1.000,5.036202,13.926881,5.617744,3.312016,0.581093,5.038178,13.849058,5.651464,3.262116,0.607063,1.00e-04
314,1.000,1.000,5.037952,13.929511,5.608513,3.311294,0.585110,5.013849,13.739867,5.638640,3.265639,0.606275,1.00e-04
315,1.000,1.000,5.034786,13.965261,5.601840,3.316635,0.572548,4.966938,13.529082,5.627590,3.265796,0.603055,1.00e-04
316,1.000,1.000,5.033724,13.982441,5.586383,3.321187,0.569652,4.997133,13.683539,5.622239,3.275636,0.601063,1.00e-04
317,1.000,1.000,4.987624,13.782305,5.586609,3.322979,0.561557,4.986963,13.661315,5.612554,3.266150,0.598699,1.00e-04
318,1.000,1.000,4.990814,13.842519,5.570790,3.314138,0.556655,4.921682,13.359545,5.600690,3.266482,0.595424,1.00e-04
319,1.000,1.000,4.969345,13.737833,5.561578,3.317739,0.557394,4.957880,13.551965,5.593079,3.272319,0.593010,1.00e-04
320,1.000,1.000,4.917765,13.532765,5.553149,3.316988,0.546481,4.947253,13.514741,5.584150,3.270890,0.591621,1.00e-04
321,1.000,1.000,4.914274,13.543153,5.544396,3.317410,0.541603,4.908271,13.342614,5.573745,3.266967,0.589506,1.00e-04
322,1.000,1.000,4.900580,13.505667,5.538683,3.315007,0.535885,4.888978,13.275379,5.564978,3.256652,0.586971,1.00e-04
323,1.000,1.000,4.889346,13.472522,5.530325,3.311248,0.533158,4.881760,13.263698,5.556348,3.249889,0.584716,1.00e-04
324,1.000,1.000,4.891769,13.521353,5.520655,3.305069,0.527941,4.870645,13.214420,5.546402,3.256622,0.583945,1.00e-04
325,1.000,1.000,4.876566,13.430626,5.509189,3.311130,0.532971,4.885967,13.289981,5.539168,3.260733,0.584989,1.00e-04
326,1.000,1.000,4.846262,13.355749,5.507930,3.309269,0.514591,4.839852,13.099195,5.528589,3.250325,0.580287,1.00e-04
327,1.000,1.000,4.834386,13.365045,5.491186,3.297182,0.504629,4.841448,13.138300,5.514337,3.239814,0.578696,1.00e-04
328,1.000,1.000,4.806277,13.270694,5.474103,3.292351,0.498560,4.855691,13.241743,5.497480,3.234937,0.576073,1.00e-04
329,1.000,1.000,4.829481,13.325163,5.459707,3.288152,0.518595,4.816468,13.069025,5.479170,3.235785,0.574590,1.00e-04
330,1.000,1.000,4.764506,13.153474,5.443317,3.299211,0.481632,4.791643,12.914538,5.460425,3.263924,0.579831,1.00e-04
331,1.000,1.000,4.784025,13.263064,5.415671,3.313268,0.482031,4.815632,13.082557,5.454898,3.256020,0.571171,1.00e-04
332,1.000,1.000,4.738864,13.101797,5.415860,3.301926,0.468684,4.775164,12.921710,5.453326,3.220909,0.569969,1.00e-04
333,1.000,1.000,4.743420,13.180815,5.411532,3.277876,0.461719,4.770591,12.902496,5.451949,3.216669,0.570460,1.00e-04
334,1.000,1.000,4.712493,13.047154,5.412653,3.274606,0.457013,4.789239,12.992870,5.448428,3.223058,0.570459,1.00e-04
335,1.000,1.000,4.697147,12.966027,5.412997,3.287396,0.454829,4.772810,12.890276,5.440298,3.239377,0.573525,1.00e-04
336,1.000,1.000,4.678815,13.001293,5.402242,3.288588,0.425487,4.740574,12.742759,5.431219,3.231144,0.574438,1.00e-04
337,1.000,1.000,4.652264,12.906681,5.395079,3.287928,0.417908,4.774480,12.859303,5.420778,3.233272,0.589762,1.00e-04
338,1.000,1.000,4.656269,12.970828,5.377203,3.286561,0.411688,4.764816,12.880611,5.410336,3.218555,0.578644,1.00e-04
339,1.000,1.000,4.589225,12.699474,5.370209,3.273367,0.400769,4.738328,12.682905,5.394109,3.204681,0.602486,1.00e-04
340,1.000,1.000,4.605239,12.824413,5.350021,3.259420,0.398085,4.736240,12.755099,5.380286,3.196484,0.587333,1.00e-04
341,1.000,1.000,4.583228,12.843782,5.338513,3.253345,0.370125,4.726894,12.670799,5.370134,3.191266,0.600567,1.00e-04
342,1.000,1.000,4.566169,12.776398,5.334491,3.248855,0.367775,4.710444,12.615479,5.364429,3.185837,0.596619,1.00e-04
343,1.000,1.000,4.533559,12.697574,5.325713,3.241920,0.350647,4.706186,12.557447,5.349287,3.186631,0.609391,1.00e-04
344,1.000,1.000,4.542036,12.788511,5.302190,3.245391,0.343522,4.709304,12.577605,5.335841,3.192013,0.610265,1.00e-04
345,1.000,1.000,4.508578,12.657376,5.287106,3.260621,0.334446,4.716510,12.572912,5.321861,3.208548,0.619807,1.00e-04
346,1.000,1.000,4.502069,12.704823,5.281817,3.269256,0.313612,4.715546,12.546044,5.310841,3.208459,0.628097,1.00e-04
347,1.000,1.000,4.464924,12.598425,5.267834,3.268590,0.297442,4.719672,12.522983,5.301789,3.202124,0.642866,1.00e-04
348,1.000,1.000,4.445549,12.532704,5.265566,3.259862,0.292403,4.692375,12.378035,5.295708,3.175539,0.653148,1.00e-04
349,1.000,1.000,4.455650,12.561872,5.257684,3.237537,0.305289,4.704068,12.324968,5.290107,3.150979,0.688572,1.00e-04
350,1.000,1.000,4.408192,12.502886,5.252066,3.227874,0.264533,4.750455,12.551736,5.288765,3.156646,0.688782,1.00e-04
351,1.000,1.000,4.407210,12.499075,5.242650,3.234818,0.264876,4.741129,12.324676,5.282232,3.185925,0.728203,1.00e-04
352,1.000,1.000,4.368400,12.371179,5.238772,3.252518,0.244883,4.785957,12.481378,5.269156,3.180049,0.749800,1.00e-04
353,1.000,1.000,4.420331,12.520739,5.230032,3.258730,0.273039,4.772896,12.470499,5.256284,3.189916,0.736946,1.00e-04
354,1.000,1.000,4.366606,12.405805,5.215382,3.257609,0.238558,4.747224,12.363180,5.241526,3.176334,0.738769,1.00e-04
355,1.000,1.000,4.331464,12.412162,5.199973,3.249955,0.198807,4.768464,12.324331,5.237087,3.175795,0.776277,1.00e-04
356,1.000,1.000,4.319938,12.277650,5.201180,3.241614,0.219811,4.785214,12.432865,5.230331,3.153340,0.777384,1.00e-04
357,1.000,1.000,4.287109,12.269190,5.187462,3.228983,0.187477,4.761049,12.273180,5.214927,3.149673,0.791867,1.00e-04
358,1.000,1.000,4.266309,12.263258,5.169240,3.224291,0.168689,4.778910,12.182418,5.201273,3.157763,0.838274,1.00e-04
359,1.000,1.000,4.271007,12.246837,5.164709,3.234059,0.177358,4.786906,12.242039,5.188259,3.151512,0.838180,1.00e-04
360,1.000,1.000,4.282276,12.272688,5.147542,3.231099,0.190013,4.796904,12.145426,5.178740,3.158278,0.875519,1.00e-04
361,1.000,1.000,4.247651,12.146010,5.137105,3.229818,0.181330,4.855265,12.381864,5.165525,3.169800,0.889784,1.00e-04
362,1.000,1.000,4.204324,12.106909,5.117702,3.237819,0.139797,4.819845,12.183261,5.153863,3.151079,0.902755,1.00e-04
363,1.000,1.000,4.190693,12.122886,5.114021,3.228927,0.121908,4.863678,12.240979,5.138336,3.136809,0.950567,1.00e-04
364,1.000,1.000,4.198592,12.145954,5.090890,3.224237,0.132970,4.859393,12.036966,5.123314,3.149473,0.996803,5.00e-05
365,1.000,1.000,4.199229,12.115918,5.082757,3.229987,0.141871,4.868879,12.216091,5.117429,3.134243,0.969158,5.00e-05
366,1.000,1.000,4.176863,12.063533,5.078856,3.223513,0.129603,4.843657,12.007591,5.114126,3.142121,0.988612,5.00e-05
367,1.000,1.000,4.159141,12.046470,5.076131,3.219831,0.113318,4.867102,12.231474,5.111348,3.137185,0.963876,5.00e-05
368,1.000,1.000,4.129773,11.921679,5.074607,3.224093,0.107121,4.843087,12.016944,5.102828,3.140933,0.988683,5.00e-05
369,1.000,1.000,4.137654,12.013250,5.066670,3.221072,0.096820,4.889003,12.271399,5.094830,3.127946,0.987709,5.00e-05
370,1.000,1.000,4.124369,11.956557,5.047008,3.220242,0.099509,4.841908,11.902418,5.088160,3.127944,1.022755,5.00e-05
371,1.000,1.000,4.116175,11.956154,5.040991,3.217921,0.091452,4.884551,12.182651,5.083291,3.128818,1.006999,5.00e-05
372,1.000,1.000,4.102779,11.868859,5.037647,3.224490,0.095725,4.839601,11.928340,5.077063,3.119267,1.018334,5.00e-05
373,1.000,1.000,4.110300,11.941018,5.047320,3.213321,0.087460,4.908141,12.099554,5.072269,3.121578,1.061826,5.00e-05
374,1.000,1.000,4.098085,11.879052,5.027193,3.218103,0.091519,4.871717,11.995231,5.068783,3.110631,1.045985,5.00e-05
375,1.000,1.000,4.096305,11.848500,5.032144,3.207882,0.098250,4.898322,11.937870,5.060175,3.121803,1.092941,5.00e-05
376,1.000,1.000,4.085008,11.817360,5.015213,3.217330,0.093785,4.877045,11.990477,5.049855,3.114532,1.057590,5.00e-05
377,1.000,1.000,4.081367,11.876431,5.015437,3.213615,0.075338,4.882897,11.917225,5.041649,3.108739,1.086718,5.00e-05
378,1.000,1.000,4.053658,11.782045,4.999672,3.208535,0.069509,4.882497,11.948670,5.034560,3.107176,1.080519,5.00e-05
